,Player,Rk,Age,G,MP,PER,TS%,3PAr,FTr,ORB%,DRB%,TRB%,AST%,STL%,BLK%,TOV%,USG%,Column1,OWS,DWS,WS,WS/48,OBPM,DBPM,BPM,VORP,Salary,Offensive Archetype,Pos,LEBRON,O-LEBRON,D-LEBRON,Wins Added,BOXLEBRON,BOXOLEBRON,BOXDLEBRON
0,Aaron Gordon,176.0,25.0,27,755,15.233333333333334,0.5626666666666666,0.369,0.3,5.400000000000001,17.13333333333333,11.133333333333333,18.3,1.2666666666666666,2.3666666666666667,14.866666666666667,20.933333333333334,,0.39999999999999997,0.6666666666666666,1.0666666666666667,0.07466666666666667,0.6333333333333333,0.0,0.6333333333333333,0.5333333333333333,18136364.0,Stretch Big,PF,0.81,0.67,0.14,2.2,0.1,-0.22,0.32
1,Aaron Holiday,217.0,24.0,57,980,8.8,0.499,0.427,0.175,1.1,6.7,3.9,12.8,1.8,0.8,11.2,19.9,,-0.6,0.7,0.1,0.004,-3.3,-1.1,-4.4,-0.6,2345640.0,Stationary Shooter,PG,-1.83,-0.89,-0.94,0.3,-2.56,-1.31,-1.25
2,Aaron Nesmith,354.0,21.0,34,433,6.4,0.513,0.712,0.154,4.1,15.5,9.8,3.9,1.0,1.3,13.9,12.9,,-0.1,0.4,0.3,0.03,-4.0,-0.6,-4.7,-0.3,3458400.0,Stationary Shooter,SF,-1.98,-2.0,0.01,0.1,-2.39,-2.1,-0.29
3,Abdel Nader,352.0,27.0,24,355,13.4,0.605,0.371,0.319,2.3,17.1,9.8,7.4,1.4,2.3,12.6,18.9,,0.3,0.5,0.8,0.102,-1.2,0.8,-0.4,0.2,1752950.0,Stationary Shooter,SF,-1.81,-1.72,-0.09,0.1,-1.29,-1.28,-0.01
4,Al Horford,223.0,34.0,28,782,17.5,0.538,0.422,0.061,3.9,21.2,12.5,20.0,1.5,2.9,7.3,21.8,,0.8,0.9,1.7,0.104,1.9,1.4,3.3,1.0,27500000.0,Versatile Big,C,1.13,-0.12,1.25,1.8,1.16,0.4,0.76
5,Al-Farouq Aminu,10.0,30.0,13,261,5.733333333333333,0.4043333333333334,0.4579999999999999,0.355,3.533333333333333,28.233333333333334,15.799999999999999,8.966666666666669,1.4666666666666668,1.4666666666666668,25.266666666666666,12.999999999999998,,-0.2666666666666667,0.3333333333333333,0.03333333333333334,-0.028999999999999998,-7.133333333333334,0.13333333333333341,-7.033333333333332,-0.13333333333333333,9720900.0,Stretch Big,PF,-0.94,-2.31,1.38,0.3,-0.62,-2.03,1.41
6,Alec Burks,80.0,29.0,44,1134,14.6,0.561,0.491,0.25,1.8,17.0,9.5,13.0,1.3,1.0,8.2,20.9,,1.4,1.6,3.0,0.126,0.5,0.3,0.8,0.8,6000000.0,Secondary Ball Handler,SG,-0.43,-0.2,-0.23,1.4,-0.2,-0.08,-0.12
7,Aleksej Pokusevski,395.0,19.0,37,865,6.4,0.419,0.536,0.095,3.0,17.8,10.4,12.6,0.9,4.2,18.1,19.9,,-2.3,0.9,-1.4,-0.076,-5.2,-0.4,-5.7,-0.8,2964840.0,Secondary Ball Handler,PF,-3.38,-2.86,-0.52,-0.6,-2.17,-2.54,0.37
8,Alex Caruso,93.0,26.0,50,1027,10.9,0.549,0.475,0.254,2.8,12.9,7.9,16.6,2.7,1.1,18.6,13.9,,0.3,1.9,2.1,0.1,-2.7,2.5,-0.2,0.5,2750000.0,Stationary Shooter,PG,1.21,-0.94,2.15,2.3,-0.54,-1.59,1.05
9,Alex Len,284.0,27.0,34,523,12.233333333333333,0.6453333333333334,0.26266666666666666,0.49566666666666664,4.933333333333334,18.366666666666664,11.600000000000001,6.833333333333332,0.7333333333333334,6.433333333333334,23.53333333333333,15.1,,0.6,0.6666666666666666,1.2666666666666666,0.07266666666666667,-3.266666666666666,0.9333333333333332,-2.3000000000000003,0.13333333333333333,4032648.0,Roll + Cut Big,C,-0.04,-1.71,1.68,1.1,0.11,-1.28,1.39
10,Alex Len,284.0,27.0,34,523,12.233333333333333,0.6453333333333334,0.26266666666666666,0.49566666666666664,4.933333333333334,18.366666666666664,11.600000000000001,6.833333333333332,0.7333333333333334,6.433333333333334,23.53333333333333,15.1,,0.6,0.6666666666666666,1.2666666666666666,0.07266666666666667,-3.266666666666666,0.9333333333333332,-2.3000000000000003,0.13333333333333333,4032648.0,Roll + Cut Big,C,-0.04,-1.71,1.68,1.1,0.11,-1.28,1.39
11,Alfonzo McKinnie,326.0,28.0,34,220,15.2,0.612,0.427,0.227,8.8,14.6,11.7,4.1,1.1,0.0,4.6,17.1,,0.4,0.3,0.7,0.161,0.5,-1.0,-0.6,0.1,1762796.0,Athletic Finisher,SF,-1.38,-0.79,-0.59,0.1,-1.06,-0.45,-0.61
12,Alize Johnson,250.0,24.0,12,127,22.3,0.636,0.102,0.061,16.6,31.1,24.1,10.8,1.5,1.4,13.7,20.0,,0.3,0.2,0.5,0.182,2.3,0.0,2.3,0.1,399591.0,Roll + Cut Big,PF,0.62,0.67,-0.06,0.2,-0.08,0.16,-0.24
13,Andre Drummond,133.0,27.0,23,636,18.5,0.509,0.012666666666666668,0.36400000000000005,13.899999999999999,35.56666666666667,24.666666666666668,13.833333333333334,2.8666666666666667,3.233333333333333,17.333333333333332,27.7,,-0.5666666666666668,1.3333333333333333,0.7999999999999999,0.06666666666666667,-2.0666666666666664,0.9,-1.1333333333333333,0.19999999999999998,29546311.0,Post Scorer,C,1.24,-0.39,1.62,2.1,1.3,-0.05,1.36
14,Andre Drummond,133.0,27.0,23,636,18.5,0.509,0.012666666666666668,0.36400000000000005,13.899999999999999,35.56666666666667,24.666666666666668,13.833333333333334,2.8666666666666667,3.233333333333333,17.333333333333332,27.7,,-0.5666666666666668,1.3333333333333333,0.7999999999999999,0.06666666666666667,-2.0666666666666664,0.9,-1.1333333333333333,0.19999999999999998,29546311.0,Post Scorer,C,1.24,-0.39,1.62,2.1,1.3,-0.05,1.36
15,Andre Iguodala,233.0,37.0,54,1159,9.8,0.519,0.752,0.15,3.4,15.5,9.6,14.0,2.3,2.8,18.0,11.4,,0.0,1.7,1.7,0.072,-2.3,2.0,-0.3,0.5,15000000.0,Stationary Shooter,SF,-0.79,-1.77,0.98,1.1,-0.79,-1.96,1.17
16,Andre Roberson,420.0,29.0,5,63,4.2,0.202,0.571,0.143,13.0,13.5,13.3,7.4,2.3,1.4,11.8,11.6,,-0.1,0.1,-0.1,-0.043,-5.1,-1.2,-6.2,-0.1,152839.0,Stretch Big,SG,-0.53,-0.24,-0.29,0.1,-0.48,-0.11,-0.36
17,Andrew Wiggins,508.0,25.0,60,1977,14.5,0.565,0.359,0.24,3.2,12.3,7.8,10.6,1.4,2.6,10.2,23.1,,0.7,2.2,2.9,0.07,-0.2,-0.6,-0.8,0.6,29542010.0,Shot Creator,PF,-0.24,-0.96,0.72,2.6,-0.23,-0.24,0.01
18,Anfernee Simons,446.0,21.0,51,836,12.6,0.58,0.707,0.145,1.1,13.5,7.1,12.4,0.8,0.6,9.2,19.6,,1.1,0.1,1.2,0.07,0.7,-2.0,-1.3,0.1,2252040.0,Secondary Ball Handler,SG,-2.79,-0.46,-2.33,-0.3,-1.34,0.07,-1.41
19,Anthony Davis,115.0,27.0,25,800,23.3,0.569,0.158,0.34,7.0,20.8,14.0,16.1,1.9,4.7,9.0,28.3,,1.2,1.7,2.9,0.176,3.8,1.7,5.5,1.5,32742000.0,Post Scorer,PF,4.09,2.36,1.74,3.2,3.5,1.82,1.67
20,Anthony Edwards,136.0,19.0,61,1916,12.9,0.507,0.428,0.213,2.6,13.1,7.6,13.8,1.8,1.1,10.5,27.1,,-1.2,1.0,-0.2,-0.006,-1.5,-2.0,-3.4,-0.7,9757440.0,Secondary Ball Handler,SG,-2.07,0.16,-2.23,0.3,-2.47,-0.72,-1.76
21,Anthony Gill,172.0,28.0,19,116,11.0,0.514,0.538,0.192,10.9,22.7,16.8,5.5,2.0,1.4,15.1,11.9,,0.0,0.2,0.2,0.083,-2.7,-0.5,-3.2,0.0,898310.0,Stretch Big,PF,-0.27,-0.44,0.17,0.1,-0.17,-0.44,0.27
22,Aron Baynes,35.0,34.0,50,912,9.8,0.489,0.331,0.132,9.7,21.2,15.3,6.8,0.8,2.2,12.6,16.1,,-0.1,0.9,0.8,0.043,-3.8,-1.5,-5.2,-0.8,6975610.0,Stretch Big,C,-1.82,-2.37,0.55,0.3,-1.86,-1.79,-0.08
23,Austin Rivers,419.0,28.0,16,338,9.633333333333333,0.5516666666666666,0.5903333333333333,0.15766666666666665,1.4333333333333333,11.6,6.566666666666666,12.366666666666667,0.8666666666666666,0.5666666666666667,10.466666666666667,14.933333333333332,,0.13333333333333333,0.3333333333333333,0.46666666666666673,0.073,-2.466666666666667,-1.3,-3.766666666666667,-0.13333333333333333,3174603.0,Shot Creator,SG,-1.83,-0.57,-1.27,0.1,-2.06,-1.0,-1.05
24,Avery Bradley,61.0,30.0,16,353,7.5,0.509,0.5896666666666667,0.10033333333333334,1.3666666666666665,9.466666666666667,5.333333333333333,11.266666666666667,1.5666666666666667,0.5333333333333333,11.966666666666667,15.299999999999999,,-0.20000000000000004,0.26666666666666666,0.06666666666666668,0.019,-4.2,-0.7000000000000001,-4.866666666666666,-0.26666666666666666,5635000.0,Stationary Shooter,SG,-2.16,-1.51,-0.65,0.0,-1.72,-1.37,-0.36
25,Bam Adebayo,4.0,23.0,54,1808,22.8,0.625,0.012,0.451,7.8,22.7,15.4,27.3,1.6,3.4,15.2,24.2,,4.5,2.9,7.4,0.196,2.9,1.9,4.8,3.1,5115492.0,Roll + Cut Big,C,2.25,0.94,1.31,5.2,2.2,0.84,1.36
26,Ben McLemore,328.0,27.0,27,465,9.966666666666667,0.551,0.7526666666666667,0.19099999999999998,2.4,10.066666666666668,6.133333333333334,6.166666666666668,1.1666666666666665,1.0,9.533333333333333,20.7,,-0.20000000000000004,0.36666666666666664,0.16666666666666666,0.043000000000000003,-2.5,-1.1,-3.6333333333333333,-0.19999999999999998,2852708.0,Movement Shooter,SG,-1.62,-0.52,-1.09,0.3,-1.5,-0.48,-1.03
27,Ben McLemore,328.0,27.0,27,465,9.966666666666667,0.551,0.7526666666666667,0.19099999999999998,2.4,10.066666666666668,6.133333333333334,6.166666666666668,1.1666666666666665,1.0,9.533333333333333,20.7,,-0.20000000000000004,0.36666666666666664,0.16666666666666666,0.043000000000000003,-2.5,-1.1,-3.6333333333333333,-0.19999999999999998,2852708.0,Movement Shooter,SG,-1.62,-0.52,-1.09,0.3,-1.5,-0.48,-1.03
28,Ben Simmons,445.0,24.0,48,1597,18.0,0.576,0.02,0.529,5.6,19.5,12.7,31.5,2.3,1.7,20.5,20.8,,1.9,2.7,4.6,0.137,0.5,1.8,2.3,1.8,29250000.0,Roll + Cut Big,PG,1.94,0.16,1.78,4.5,2.18,0.35,1.83
29,Bismack Biyombo,48.0,28.0,53,1107,11.8,0.566,0.005,0.439,11.0,16.8,13.8,8.4,0.7,5.2,18.1,11.6,,0.9,1.1,2.0,0.086,-3.0,-0.2,-3.3,-0.4,2331593.0,Roll + Cut Big,C,-1.91,-2.97,1.06,0.3,-1.78,-2.58,0.8
30,Blake Griffin,186.0,31.0,23,609,12.200000000000001,0.5356666666666666,0.5023333333333334,0.328,2.6333333333333333,18.433333333333334,10.6,17.266666666666666,1.4000000000000001,1.0999999999999999,12.833333333333334,19.099999999999998,,0.20000000000000004,0.5333333333333333,0.7000000000000001,0.06866666666666667,-1.2,-0.2666666666666667,-1.4333333333333333,0.0,33685241.0,Versatile Big,PF,0.38,0.22,0.16,1.5,-0.16,-0.07,-0.09
31,Blake Griffin,186.0,31.0,23,609,12.200000000000001,0.5356666666666666,0.5023333333333334,0.328,2.6333333333333333,18.433333333333334,10.6,17.266666666666666,1.4000000000000001,1.0999999999999999,12.833333333333334,19.099999999999998,,0.20000000000000004,0.5333333333333333,0.7000000000000001,0.06866666666666667,-1.2,-0.2666666666666667,-1.4333333333333333,0.0,33685241.0,Versatile Big,PF,0.38,0.22,0.16,1.5,-0.16,-0.07,-0.09
32,Bobby Portis,401.0,25.0,55,1164,19.9,0.605,0.269,0.104,9.4,24.9,17.4,7.4,1.7,1.7,8.1,20.5,,2.5,1.7,4.2,0.172,2.1,-0.5,1.6,1.1,3623000.0,Versatile Big,C,0.04,-0.46,0.5,1.7,0.86,0.42,0.44
33,Bol Bol,54.0,21.0,26,124,13.7,0.617,0.444,0.267,0.0,16.4,8.3,8.0,1.2,7.8,19.3,22.0,,-0.1,0.2,0.1,0.043,-1.6,0.7,-0.8,0.0,2058240.0,Movement Shooter,PF,-1.39,-0.97,-0.42,0.1,-0.97,-0.79,-0.17
34,Brad Wanamaker,496.0,31.0,35,577,9.533333333333333,0.48366666666666663,0.3053333333333333,0.3393333333333333,1.5666666666666667,8.733333333333333,5.133333333333333,24.433333333333334,2.0666666666666664,1.0666666666666667,18.099999999999998,17.933333333333334,,-0.20000000000000004,0.6000000000000001,0.3333333333333333,0.028999999999999998,-4.533333333333333,-0.2333333333333333,-4.733333333333333,-0.4000000000000001,2250000.0,Secondary Ball Handler,PG,-1.2,-2.03,0.83,0.6,-1.45,-1.21,-0.23
35,Bradley Beal,38.0,27.0,50,1773,23.1,0.597,0.284,0.344,3.4,11.0,7.2,23.2,1.6,0.9,11.2,34.4,,3.5,1.5,5.0,0.135,5.1,-1.5,3.7,2.5,28751775.0,Slasher,SG,2.01,3.71,-1.7,4.8,0.79,2.34,-1.55
36,Brandon Clarke,98.0,24.0,48,1207,16.8,0.56,0.151,0.219,6.3,17.3,11.7,9.6,1.9,3.0,5.7,17.3,,1.8,1.6,3.4,0.135,0.1,0.9,1.0,0.9,2602920.0,Roll + Cut Big,PF,0.99,-0.06,1.04,2.5,0.41,-0.45,0.86
37,Brandon Goodwin,175.0,25.0,41,521,10.6,0.5,0.471,0.209,1.7,10.6,6.2,20.9,1.3,0.0,12.1,19.4,,0.1,0.3,0.4,0.039,-2.0,-0.6,-2.6,-0.1,1701593.0,Secondary Ball Handler,PG,-1.37,-0.56,-0.81,0.3,-1.47,-0.39,-1.08
38,Brandon Ingram,236.0,23.0,55,1901,20.0,0.589,0.339,0.296,1.7,13.9,7.8,22.3,1.0,1.7,10.9,28.3,,4.1,1.0,5.1,0.128,3.9,-1.3,2.5,2.2,27285000.0,Shot Creator,SF,1.57,2.48,-0.91,4.7,1.28,2.21,-0.94
39,Brook Lopez,292.0,32.0,58,1575,14.6,0.603,0.496,0.2,5.6,13.5,9.7,3.5,1.0,4.6,8.4,16.2,,2.3,1.9,4.2,0.129,0.0,0.0,0.0,0.8,12697675.0,Stretch Big,C,2.23,0.22,2.01,4.6,1.4,0.07,1.33
40,Bruce Brown,71.0,24.0,56,1264,15.7,0.596,0.149,0.281,9.0,16.8,13.1,9.7,2.0,1.5,10.5,16.0,,2.3,1.3,3.6,0.138,-0.7,0.0,-0.7,0.4,1663861.0,Roll + Cut Big,PG,0.59,0.18,0.41,2.3,0.29,0.04,0.25
41,Bruno Caboclo,82.0,25.0,6,36,9.1,0.475,0.294,0.118,8.5,33.9,20.7,4.7,0.0,5.0,18.3,25.9,,-0.1,0.0,-0.1,-0.082,-8.5,-2.1,-10.6,-0.1,361256.0,Stretch Big,PF,-0.17,-0.17,0.0,0.1,-0.28,-0.31,0.03
42,Bruno Fernando,149.0,22.0,27,180,5.8,0.501,0.071,0.643,8.1,30.7,19.5,6.5,0.5,1.5,33.4,13.0,,-0.3,0.2,-0.1,-0.016,-5.8,-0.6,-6.4,-0.2,1517981.0,Roll + Cut Big,C,-1.77,-1.95,0.19,0.1,-1.35,-1.55,0.2
43,Bryn Forbes,154.0,27.0,58,1111,12.0,0.615,0.645,0.121,1.0,6.8,4.0,4.3,0.8,0.0,7.2,18.4,,1.4,0.6,2.1,0.089,0.1,-2.0,-2.0,0.0,2337145.0,Movement Shooter,SG,-2.34,-0.84,-1.51,0.0,-1.42,0.06,-1.48
44,Buddy Hield,212.0,28.0,58,1991,12.3,0.564,0.74,0.106,1.2,13.6,7.3,12.5,1.2,1.0,10.5,20.5,,1.1,0.2,1.3,0.031,0.5,-1.9,-1.4,0.3,24431818.0,Off Screen Shooter,SG,-0.37,1.4,-1.77,2.5,-0.96,0.89,-1.85
45,CJ Elleby,138.0,20.0,21,153,9.0,0.474,0.551,0.224,5.4,10.2,7.7,3.6,1.9,1.8,5.3,16.0,,0.0,0.1,0.1,0.026,-3.9,-1.5,-5.4,-0.1,898310.0,Stationary Shooter,SF,-1.5,-0.91,-0.59,0.1,-1.08,-0.85,-0.23
46,CJ McCollum,318.0,29.0,34,1153,21.1,0.565,0.498,0.143,2.1,11.7,6.7,24.1,1.6,1.3,6.2,27.8,,2.8,0.4,3.3,0.135,5.0,-1.4,3.5,1.6,29354152.0,Shot Creator,SG,2.21,2.99,-0.77,3.1,2.02,3.28,-1.26
47,Caleb Martin,307.0,25.0,44,676,9.7,0.461,0.47,0.224,4.6,15.5,10.0,11.3,2.3,1.3,10.8,17.2,,-0.4,0.7,0.4,0.027,-3.4,-0.5,-3.9,-0.3,1517981.0,Movement Shooter,SF,-1.54,-1.27,-0.27,0.3,-1.17,-0.97,-0.2
48,Cam Reddish,411.0,21.0,26,750,9.4,0.488,0.479,0.312,3.3,11.9,7.6,6.6,2.2,1.1,10.2,19.3,,-0.3,0.7,0.4,0.025,-3.2,-0.4,-3.6,-0.3,4458000.0,Movement Shooter,SF,-1.19,-0.65,-0.53,0.6,-0.69,-0.55,-0.14
49,Cameron Johnson,251.0,24.0,53,1248,12.9,0.593,0.688,0.117,2.7,12.8,7.8,8.5,1.2,1.2,7.9,17.1,,1.5,1.4,2.8,0.109,0.8,-0.2,0.6,0.8,4235160.0,Stationary Shooter,PF,0.26,0.15,0.11,2.0,-0.3,0.13,-0.43
50,Cameron Payne,386.0,26.0,48,831,15.2,0.575,0.418,0.143,1.7,13.0,7.4,28.3,1.7,1.1,14.8,19.2,,1.2,1.0,2.3,0.131,0.2,0.7,0.9,0.6,1977011.0,Primary Ball Handler,PG,0.05,0.29,-0.23,1.2,0.37,0.52,-0.15
51,Caris LeVert,287.0,26.0,23,722,17.3,0.5156666666666667,0.33233333333333337,0.20533333333333334,3.0666666666666664,13.233333333333333,8.233333333333333,25.533333333333335,2.2333333333333334,1.5,9.966666666666667,28.566666666666666,,0.2666666666666667,0.7333333333333333,1.0000000000000002,0.06999999999999999,0.0,-0.36666666666666664,-0.3666666666666667,0.26666666666666666,16203704.0,Secondary Ball Handler,SG,-0.43,0.26,-0.69,1.2,0.75,1.24,-0.49
52,Carmelo Anthony,15.0,36.0,58,1452,14.3,0.535,0.407,0.206,2.1,12.0,6.9,9.6,1.4,2.2,7.3,23.6,,1.1,0.6,1.7,0.056,-0.3,-1.8,-2.1,0.0,2564753.0,Versatile Big,PF,-2.65,-0.55,-2.1,-0.3,-1.12,0.15,-1.27
53,Carsen Edwards,137.0,22.0,24,209,11.9,0.551,0.529,0.106,1.6,10.2,5.9,7.1,1.2,0.5,4.3,19.2,,0.2,0.1,0.4,0.082,-2.6,-1.7,-4.3,-0.1,1517981.0,Stationary Shooter,SG,-1.41,-0.3,-1.11,0.1,-1.06,-0.27,-0.79
54,Cedi Osman,377.0,25.0,49,1179,10.0,0.47,0.56,0.159,2.7,12.9,7.7,16.2,1.8,0.6,9.5,20.3,,-0.5,0.9,0.4,0.016,-1.9,-0.8,-2.7,-0.2,8750000.0,Movement Shooter,SF,-1.03,-0.74,-0.29,1.0,-1.78,-0.89,-0.89
55,Chandler Hutchison,231.0,24.0,9,123,3.3333333333333335,0.41933333333333334,0.23966666666666667,0.21466666666666664,2.233333333333333,26.233333333333334,14.366666666666667,6.5,0.9666666666666665,0.0,19.099999999999998,16.833333333333332,,-0.26666666666666666,0.13333333333333333,-0.13333333333333333,-0.06633333333333334,-7.900000000000001,-1.3333333333333333,-9.233333333333333,-0.19999999999999998,2443440.0,Athletic Finisher,SF,-0.53,-0.61,0.08,0.2,-0.49,-0.62,0.14
56,Chris Boucher,59.0,28.0,59,1415,22.2,0.639,0.415,0.345,8.8,22.5,15.4,7.1,1.2,7.8,6.8,20.6,,4.1,2.1,6.2,0.209,2.8,0.2,3.1,1.8,6490385.0,Stretch Big,C,1.87,1.32,0.55,3.9,2.29,0.9,1.38
57,Chris Paul,385.0,35.0,58,1839,20.7,0.585,0.296,0.208,1.5,14.8,8.2,39.9,2.3,0.6,13.5,22.2,,5.0,2.5,7.6,0.197,2.9,1.4,4.3,2.9,41358814.0,Shot Creator,PG,3.67,2.48,1.19,6.9,3.71,2.75,0.96
58,Chris Silva,444.0,24.0,10,61,6.333333333333333,0.6020000000000001,0.04666666666666667,0.6973333333333332,6.2,24.433333333333334,15.366666666666669,6.666666666666667,0.3666666666666667,7.400000000000001,29.066666666666666,16.833333333333332,,0.03333333333333334,0.06666666666666667,0.13333333333333333,0.005333333333333333,-9.7,-0.3666666666666667,-10.1,-0.03333333333333333,1517981.0,Roll + Cut Big,PF,-0.28,-0.57,0.29,0.1,-0.25,-0.58,0.33
59,Christian Wood,520.0,25.0,37,1185,20.6,0.597,0.31,0.3,5.8,26.8,15.8,8.5,1.3,3.4,9.6,25.9,,1.4,1.4,2.8,0.113,2.0,-0.4,1.6,1.1,13015874.0,Stretch Big,C,1.46,0.29,1.17,2.7,1.1,0.55,0.55
60,Chuma Okeke,369.0,22.0,42,1045,11.1,0.495,0.434,0.128,3.8,13.5,8.5,12.9,1.9,1.9,9.8,14.0,,0.2,0.9,1.1,0.051,-2.2,0.3,-1.9,0.0,3121080.0,Stationary Shooter,PF,-1.13,-1.3,0.17,0.8,-1.81,-2.04,0.23
61,Clint Capela,88.0,26.0,52,1586,25.3,0.611,0.0,0.324,17.8,34.9,26.5,4.3,1.2,6.4,8.5,20.0,,4.4,2.8,7.2,0.218,3.0,0.1,3.1,2.0,16000000.0,Roll + Cut Big,C,3.29,0.54,2.75,5.7,3.33,1.16,2.17
62,Coby White,504.0,20.0,57,1749,12.0,0.538,0.483,0.166,1.5,13.4,7.5,21.0,0.9,0.5,13.9,22.4,,0.5,1.2,1.7,0.048,-1.4,-1.6,-3.0,-0.4,5572680.0,Primary Ball Handler,PG,-1.73,-0.55,-1.18,0.6,-1.13,-0.14,-0.99
63,Cody Martin,308.0,25.0,47,733,10.2,0.505,0.304,0.23,6.3,13.0,9.6,13.6,1.8,1.2,15.7,12.4,,0.3,0.6,0.9,0.059,-2.5,-0.1,-2.6,-0.1,1517981.0,Stationary Shooter,SF,-1.13,-0.86,-0.27,0.5,-1.98,-1.78,-0.21
64,Cody Zeller,525.0,28.0,38,797,18.1,0.585,0.099,0.336,13.4,22.9,18.1,13.9,1.4,1.8,12.1,17.9,,1.7,0.9,2.6,0.156,-0.2,-0.1,-0.3,0.4,15415730.0,Roll + Cut Big,C,0.31,0.3,0.01,1.3,0.03,-0.06,0.09
65,Cole Anthony,16.0,20.0,34,906,11.9,0.477,0.313,0.211,3.2,14.8,8.8,25.0,1.2,1.5,13.5,22.9,,-0.6,0.7,0.1,0.005,-2.1,-1.0,-3.1,-0.2,3285120.0,Primary Ball Handler,PG,-1.44,-1.39,-0.05,0.5,-1.59,-1.26,-0.33
66,Collin Sexton,440.0,22.0,50,1783,18.2,0.581,0.24,0.322,2.7,7.0,4.8,20.7,1.5,0.4,11.1,29.0,,2.5,0.9,3.5,0.093,1.8,-1.7,0.1,0.9,4991880.0,Slasher,SG,-1.33,0.25,-1.58,1.1,-1.89,-0.13,-1.75
67,Cory Joseph,263.0,29.0,39,892,13.199999999999998,0.5596666666666668,0.30200000000000005,0.2253333333333333,2.6,10.0,6.233333333333333,22.733333333333334,2.0999999999999996,1.0333333333333332,14.633333333333335,16.5,,0.7999999999999999,0.3333333333333333,1.133333333333333,0.075,-1.6333333333333335,-0.16666666666666666,-1.8333333333333333,-0.06666666666666667,12600000.0,Secondary Ball Handler,PG,-1.76,-1.06,-0.71,0.5,-1.8,-1.24,-0.56
68,D'Angelo Russell,432.0,24.0,31,860,17.7,0.567,0.459,0.218,1.3,8.7,4.9,30.3,1.8,1.3,13.9,30.0,,0.6,0.3,0.9,0.052,2.9,-1.9,1.0,0.7,28649250.0,Primary Ball Handler,PG,-2.03,0.42,-2.45,0.1,-0.4,1.15,-1.55
69,D.J. Augustin,20.0,33.0,34,654,12.533333333333333,0.5643333333333334,0.61,0.2763333333333333,2.1333333333333333,7.6000000000000005,4.833333333333333,24.133333333333336,1.2333333333333334,0.06666666666666667,14.966666666666667,17.033333333333335,,0.8666666666666667,0.4000000000000001,1.2666666666666664,0.09600000000000002,-0.6,-1.2666666666666666,-1.8666666666666665,0.0,6666667.0,Secondary Ball Handler,PG,-1.24,0.02,-1.26,0.7,-0.94,-0.08,-0.86
70,D.J. Wilson,515.0,24.0,21,246,10.833333333333334,0.5076666666666666,0.5513333333333333,0.127,3.9666666666666663,22.333333333333332,13.066666666666668,6.966666666666666,1.0999999999999999,3.5666666666666664,10.899999999999999,19.766666666666666,,-0.13333333333333333,0.30000000000000004,0.16666666666666666,0.03133333333333333,-3.066666666666667,-0.9,-3.9666666666666663,-0.13333333333333333,4548280.0,Stretch Big,PF,-1.47,-1.24,-0.23,0.2,-0.38,-0.68,0.3
71,DaQuan Jeffries,247.0,23.0,16,208,6.333333333333333,0.4456666666666667,0.5406666666666666,0.072,4.6000000000000005,10.933333333333332,7.666666666666667,4.0,1.0666666666666664,2.2333333333333334,7.033333333333334,11.333333333333334,,-0.06666666666666667,0.03333333333333333,0.0,-0.0023333333333333335,-4.366666666666666,-1.6000000000000003,-5.8999999999999995,-0.20000000000000004,1445697.0,Stationary Shooter,SG,-0.99,-0.97,-0.02,0.2,-1.91,-1.66,-0.25
72,Damian Jones,257.0,25.0,13,134,12.424999999999999,0.7269999999999999,0.021750000000000002,0.7502499999999999,7.924999999999998,16.825,12.4,4.1000000000000005,1.0250000000000001,4.875000000000001,20.625000000000007,11.049999999999999,,0.225,0.20000000000000007,0.39999999999999997,0.13200000000000003,-3.6999999999999997,1.1000000000000003,-2.6250000000000004,-2.3129646346357427e-18,785285.0,Roll + Cut Big,C,-1.19,-1.14,-0.06,0.2,-0.75,-0.8,0.05
73,Damian Lillard,289.0,30.0,54,1942,24.7,0.608,0.533,0.368,1.4,11.4,6.2,35.1,1.2,0.6,11.9,31.9,,7.1,0.4,7.5,0.185,6.8,-2.0,4.9,3.4,31626953.0,Shot Creator,PG,3.49,5.72,-2.23,7.2,2.92,5.21,-2.29
74,Damion Lee,282.0,28.0,57,1079,11.9,0.636,0.708,0.161,2.2,15.5,8.9,9.2,1.7,0.7,9.3,12.8,,1.4,1.2,2.6,0.116,-0.8,0.5,-0.3,0.5,1762796.0,Movement Shooter,SG,-0.5,-0.73,0.23,1.3,-1.19,-1.12,-0.06
75,Damyean Dotson,128.0,26.0,35,658,8.8,0.485,0.52,0.145,0.8,11.3,6.0,16.7,1.1,0.6,10.6,17.5,,-0.2,0.4,0.2,0.011,-2.8,-1.2,-4.0,-0.3,2000000.0,Secondary Ball Handler,SG,-2.52,-1.36,-1.15,-0.1,-2.23,-1.33,-0.9
76,Daniel Gafford,162.0,22.0,27,373,22.433333333333334,0.682,0.0,0.47100000000000003,12.83333333333333,20.333333333333332,16.599999999999998,5.1,1.4666666666666666,8.5,13.666666666666664,17.733333333333334,,0.8666666666666667,0.6,1.466666666666667,0.19766666666666666,1.1,1.8333333333333333,2.9,0.39999999999999997,1517981.0,Roll + Cut Big,PF-C,1.0,-0.94,1.93,1.1,0.54,-1.21,1.76
77,Daniel Oturu,378.0,21.0,23,95,12.5,0.559,0.038,0.308,10.9,17.2,14.2,8.7,0.5,2.8,14.5,16.1,,0.1,0.1,0.2,0.103,-3.7,-1.5,-5.2,-0.1,898310.0,Roll + Cut Big,C,-0.78,-0.61,-0.17,0.1,-0.6,-0.43,-0.17
78,Daniel Theis,465.0,28.0,38,918,14.566666666666668,0.6003333333333334,0.34299999999999997,0.24,6.266666666666667,17.5,11.899999999999999,10.233333333333334,1.1666666666666667,3.233333333333333,11.833333333333334,15.833333333333334,,1.4000000000000001,1.0333333333333334,2.433333333333333,0.11933333333333333,-0.8666666666666666,0.20000000000000004,-0.6999999999999998,0.39999999999999997,5000000.0,Stretch Big,C,0.75,-0.33,1.08,2.6,0.32,-0.63,0.94
79,Danilo Gallinari,163.0,32.0,40,957,16.0,0.611,0.555,0.363,1.4,17.1,9.4,8.7,1.1,0.7,7.9,21.7,,2.0,0.7,2.7,0.137,1.5,-1.0,0.5,0.6,19500000.0,Stretch Big,PF,0.42,0.9,-0.48,1.7,0.23,0.96,-0.72
80,Danny Green,180.0,33.0,59,1669,12.3,0.593,0.79,0.076,3.4,11.0,7.3,8.3,2.2,2.7,11.2,13.8,,1.5,2.5,4.0,0.116,0.4,1.3,1.7,1.5,15365854.0,Movement Shooter,SF,0.71,-0.23,0.95,3.2,1.08,-0.39,1.46
81,Dante Exum,144.0,25.0,6,116,6.0,0.428,0.423,0.077,1.9,14.8,8.2,15.6,1.7,1.6,20.7,12.8,,-0.1,0.1,0.0,-0.019,-4.8,1.7,-3.1,0.0,9600000.0,Secondary Ball Handler,SG,-0.04,-0.91,0.87,0.2,-0.67,-0.82,0.15
82,Darius Bazley,37.0,20.0,44,1371,9.9,0.496,0.437,0.228,2.5,22.2,12.3,7.6,0.9,1.5,13.0,20.9,,-1.6,1.3,-0.3,-0.012,-3.0,-1.0,-4.0,-0.7,2399160.0,Stationary Shooter,PF,-1.92,-2.08,0.16,0.3,-2.13,-2.21,0.09
83,Darius Garland,165.0,21.0,49,1645,14.3,0.549,0.326,0.161,1.5,6.7,4.1,29.6,1.8,0.3,15.6,24.6,,0.5,1.0,1.5,0.044,0.2,-1.8,-1.6,0.2,6720720.0,Primary Ball Handler,PG,-1.7,-0.63,-1.08,0.6,-2.38,-0.99,-1.39
84,Darius Miller,334.0,30.0,18,197,16.0,0.685,0.875,0.25,1.1,11.6,6.3,15.3,3.1,2.2,13.1,13.3,,0.4,0.3,0.7,0.159,1.2,2.7,3.9,0.3,7000000.0,Stationary Shooter,SF,0.35,-0.19,0.54,0.3,0.04,-0.43,0.47
85,David Nwaba,364.0,28.0,30,679,14.5,0.557,0.289,0.312,6.0,12.7,9.2,7.0,2.1,2.8,6.4,16.7,,0.7,0.7,1.4,0.1,-1.3,1.0,-0.3,0.3,1862250.0,Stretch Big,SF,0.35,-0.18,0.53,1.2,-0.85,-1.06,0.22
86,De'Aaron Fox,157.0,23.0,58,2036,20.8,0.565,0.288,0.376,1.8,9.5,5.5,32.5,2.0,1.1,11.9,30.9,,3.7,0.4,4.1,0.096,2.9,-1.5,1.4,1.7,8099627.0,Slasher,PG,1.1,2.71,-1.61,4.5,0.78,2.67,-1.9
87,De'Andre Hunter,230.0,23.0,20,625,16.5,0.625,0.39,0.336,2.9,14.9,9.0,10.2,1.4,1.4,9.5,19.7,,1.3,0.5,1.8,0.138,1.5,0.2,1.7,0.6,7422000.0,Stationary Shooter,SF,-0.06,-0.52,0.46,0.9,0.2,0.24,-0.04
88,De'Anthony Melton,330.0,22.0,38,776,18.1,0.61,0.523,0.128,3.4,13.4,8.3,18.2,3.0,2.3,12.3,20.0,,1.2,1.1,2.3,0.145,2.2,2.0,4.2,1.2,7812500.0,Secondary Ball Handler,PG,1.41,0.78,0.63,1.7,0.47,0.06,0.4
89,DeAndre Jordan,262.0,32.0,52,1160,17.3,0.753,0.004,0.342,10.3,26.1,18.5,10.3,0.7,4.8,22.9,12.9,,2.3,1.4,3.7,0.154,0.0,0.9,0.9,0.9,10375678.0,Roll + Cut Big,C,0.29,-0.82,1.11,1.9,0.72,-0.75,1.47
90,DeAndre' Bembry,41.0,26.0,39,707,10.8,0.588,0.217,0.283,3.8,12.7,8.1,15.3,2.1,2.0,23.0,13.6,,0.2,0.7,0.9,0.062,-3.0,0.7,-2.4,-0.1,1737145.0,Athletic Finisher,SF,-1.4,-1.7,0.3,0.4,-2.07,-2.33,0.27
91,DeMar DeRozan,120.0,31.0,50,1698,21.9,0.59,0.094,0.471,2.3,11.7,6.9,33.1,1.3,0.7,9.8,25.6,,5.0,1.5,6.4,0.182,3.6,-0.2,3.4,2.3,27739975.0,Shot Creator,PF,1.78,2.84,-1.06,4.4,1.53,2.0,-0.47
92,DeMarcus Cousins,107.0,30.0,22,399,14.466666666666667,0.5203333333333334,0.4136666666666666,0.295,9.5,32.699999999999996,20.8,17.533333333333335,1.8333333333333333,2.3333333333333335,18.666666666666668,25.866666666666664,,-0.19999999999999998,0.6333333333333333,0.4666666666666666,0.039,-2.433333333333333,1.0666666666666667,-1.3666666666666665,0.16666666666666666,2331593.0,Stretch Big,C,1.75,-0.08,1.84,1.5,1.53,0.18,1.34
93,Dean Wade,491.0,24.0,50,849,11.3,0.565,0.676,0.096,3.0,17.4,10.0,9.3,1.3,1.9,8.1,12.8,,0.7,0.8,1.5,0.084,-1.0,0.0,-1.0,0.2,1517981.0,Stretch Big,PF,-0.54,-0.92,0.38,0.9,-1.2,-1.43,0.22
94,Deandre Ayton,22.0,22.0,59,1809,20.3,0.651,0.033,0.248,12.2,26.6,19.5,6.7,0.9,3.4,12.5,19.1,,4.3,2.9,7.2,0.191,0.7,0.1,0.8,1.2,10018200.0,Post Scorer,C,0.83,0.4,0.43,3.6,1.77,0.47,1.29
95,Deividas Sirvydis,447.0,20.0,14,38,5.2,0.453,0.765,0.235,0.0,23.8,11.7,7.9,1.3,0.0,13.8,24.9,,-0.1,0.0,-0.1,-0.079,-6.1,-2.3,-8.4,-0.1,898310.0,Movement Shooter,SG,-0.69,-0.35,-0.34,0.0,-0.59,-0.25,-0.33
96,Dejounte Murray,348.0,24.0,56,1772,16.3,0.509,0.218,0.14,2.3,21.1,11.6,25.5,2.4,0.3,10.1,23.2,,0.6,2.5,3.1,0.083,-0.4,1.0,0.7,1.2,14285714.0,Slasher,PG,2.24,0.73,1.51,5.1,0.91,0.18,0.73
97,Delon Wright,522.0,28.0,33,895,15.9,0.5706666666666668,0.3333333333333333,0.29233333333333333,3.5333333333333337,12.500000000000002,7.966666666666666,20.8,2.733333333333334,1.0666666666666667,11.0,15.600000000000001,,1.4666666666666668,0.8666666666666666,2.3333333333333335,0.119,0.6666666666666666,1.0999999999999999,1.7666666666666664,0.9666666666666667,9000000.0,Secondary Ball Handler,SG-PG,0.96,0.23,0.73,2.8,0.24,-0.25,0.49
98,Deni Avdija,21.0,20.0,54,1257,7.6,0.515,0.538,0.144,1.9,20.1,11.0,6.5,1.2,1.0,9.0,12.0,,0.0,1.3,1.2,0.046,-3.6,-0.3,-3.9,-0.6,4469160.0,Stationary Shooter,SF,-1.02,-2.05,1.02,1.0,-1.77,-2.45,0.68
99,Denzel Valentine,484.0,27.0,53,934,10.4,0.487,0.593,0.038,2.6,18.8,10.8,13.0,1.5,0.6,8.7,19.1,,-0.3,0.9,0.7,0.034,-2.0,-0.8,-2.8,-0.2,4642800.0,Stationary Shooter,SG,-0.36,-0.47,0.12,1.1,-0.47,-0.18,-0.29
100,Derrick Favors,146.0,29.0,56,866,19.3,0.647,0.01,0.354,14.5,22.0,18.4,6.5,1.6,5.4,12.2,13.5,,2.3,1.8,4.1,0.229,-0.1,1.9,1.8,0.8,9258000.0,Roll + Cut Big,C,-0.49,-1.25,0.76,1.0,1.03,-0.57,1.6
101,Derrick Rose,428.0,32.0,27,659,17.233333333333334,0.5273333333333333,0.21433333333333335,0.23099999999999998,1.6333333333333335,8.366666666666667,4.966666666666666,28.633333333333336,2.2,1.5,10.666666666666666,26.533333333333335,,0.5666666666666668,0.7999999999999999,1.3333333333333333,0.09066666666666667,0.6999999999999998,-0.10000000000000002,0.6,0.4333333333333333,7682927.0,Slasher,PG,-0.4,-0.41,0.01,1.1,-0.47,0.31,-0.78
102,Derrick White,505.0,26.0,35,1044,15.0,0.55,0.536,0.247,1.3,9.4,5.3,17.7,1.2,2.9,8.3,22.5,,1.0,1.0,2.0,0.094,1.1,0.0,1.2,0.8,3516284.0,Secondary Ball Handler,SG,1.25,1.22,0.03,2.2,0.06,0.15,-0.1
103,Desmond Bane,29.0,22.0,54,1197,12.4,0.61,0.523,0.106,1.8,13.1,7.3,10.4,1.3,0.8,10.4,16.3,,1.4,1.0,2.4,0.096,-0.7,-0.2,-0.9,0.3,1936440.0,Movement Shooter,SG,-1.38,-0.87,-0.52,0.7,-1.4,-1.05,-0.35
104,Devin Booker,58.0,24.0,55,1846,19.1,0.584,0.299,0.294,1.6,12.2,7.0,22.2,1.3,0.7,12.9,32.7,,2.1,2.0,4.1,0.106,1.4,-1.1,0.3,1.1,29430000.0,Shot Creator,SG,1.48,2.84,-1.36,4.4,1.79,2.41,-0.63
105,Devin Vassell,487.0,20.0,49,789,11.1,0.538,0.509,0.154,2.5,14.9,8.6,7.5,2.4,1.5,7.3,13.6,,0.4,1.1,1.4,0.088,-2.3,1.2,-1.0,0.2,4033440.0,Stationary Shooter,SF,-1.3,-1.9,0.6,0.5,-1.19,-1.7,0.51
106,Devonte' Graham,178.0,25.0,47,1403,13.8,0.534,0.703,0.204,1.4,8.4,4.9,26.0,1.6,0.3,10.1,21.0,,1.7,0.8,2.5,0.086,1.0,-1.1,-0.1,0.7,1663861.0,Primary Ball Handler,PG,0.88,1.35,-0.47,2.8,0.54,1.6,-1.05
107,Dewayne Dedmon,118.0,31.0,6,80,26.5,0.722,0.125,0.417,18.8,27.7,23.4,4.2,3.1,5.3,15.0,18.8,,0.3,0.2,0.5,0.271,1.8,1.5,3.3,0.1,3447478.0,Stretch Big,C,-0.08,-0.05,-0.03,0.0,-0.12,-0.12,0.0
108,Dewayne Dedmon,118.0,31.0,6,80,26.5,0.722,0.125,0.417,18.8,27.7,23.4,4.2,3.1,5.3,15.0,18.8,,0.3,0.2,0.5,0.271,1.8,1.5,3.3,0.1,3447478.0,Stretch Big,C,-0.08,-0.05,-0.03,0.0,-0.12,-0.12,0.0
109,Dillon Brooks,70.0,25.0,54,1593,12.0,0.514,0.36,0.17,2.9,7.8,5.3,11.9,1.9,1.1,10.2,26.0,,-0.5,1.5,1.0,0.029,-2.7,-1.4,-4.1,-0.8,11400000.0,Secondary Ball Handler,SF,0.16,-0.11,0.27,2.5,-0.85,-0.52,-0.33
110,Domantas Sabonis,433.0,24.0,53,1892,19.7,0.588,0.182,0.389,7.7,27.9,17.7,25.3,1.5,1.3,16.6,24.2,,2.9,2.4,5.3,0.135,2.0,1.0,3.0,2.4,17187500.0,Post Scorer,PF,1.42,0.28,1.14,4.7,1.21,1.0,0.21
111,Donovan Mitchell,338.0,24.0,53,1771,21.4,0.569,0.423,0.29,3.1,10.5,7.0,26.8,1.4,0.7,10.7,33.5,,4.0,2.2,6.2,0.168,4.1,-0.6,3.5,2.5,5195501.0,Primary Ball Handler,PG,2.35,3.63,-1.28,5.5,3.25,4.01,-0.76
112,Donte DiVincenzo,125.0,24.0,55,1507,13.0,0.538,0.56,0.11,5.0,16.0,10.7,14.7,1.9,0.6,12.8,17.0,,1.3,1.8,3.1,0.097,-0.2,0.2,0.0,0.8,3044160.0,Stationary Shooter,SG,1.66,0.46,1.19,3.8,1.23,0.5,0.73
113,Doug McDermott,322.0,29.0,53,1287,15.3,0.623,0.435,0.148,4.4,11.7,8.0,8.2,0.6,0.3,7.4,19.8,,2.3,0.6,2.9,0.107,1.5,-2.0,-0.4,0.5,7333333.0,Athletic Finisher,PF,-0.42,0.77,-1.18,1.6,-1.92,0.07,-1.99
114,Draymond Green,181.0,30.0,52,1603,12.4,0.497,0.344,0.217,3.1,19.6,11.4,36.6,2.5,2.2,30.8,13.2,,0.5,2.6,3.1,0.092,-2.1,2.9,0.8,1.1,22246956.0,Stretch Big,PF,1.72,-0.22,1.94,4.1,0.99,-1.03,2.02
115,Drew Eubanks,143.0,23.0,41,564,17.8,0.617,0.007,0.571,9.0,24.1,16.4,9.1,1.1,6.4,16.4,17.0,,0.8,1.0,1.7,0.146,-1.4,1.9,0.5,0.4,1620564.0,Roll + Cut Big,C,-0.28,-1.73,1.46,0.7,0.19,-1.61,1.8
116,Duncan Robinson,421.0,26.0,61,1957,10.8,0.627,0.857,0.099,0.3,12.2,6.4,8.5,0.9,0.8,10.1,16.4,,1.5,1.7,3.2,0.078,-0.3,-0.8,-1.1,0.4,1663861.0,Movement Shooter,SF,-0.33,-0.34,0.01,2.4,-0.81,-0.78,-0.03
117,Dwayne Bacon,24.0,25.0,59,1481,9.4,0.493,0.309,0.224,1.3,11.6,6.2,7.3,1.1,0.3,5.8,19.3,,-0.3,0.7,0.4,0.013,-3.6,-1.5,-5.2,-1.2,1678854.0,Secondary Ball Handler,SG,-3.24,-1.95,-1.3,-0.9,-3.27,-2.41,-0.86
118,Dwight Howard,226.0,35.0,58,1009,16.8,0.608,0.066,0.713,17.2,35.6,26.5,6.7,1.2,4.7,23.6,17.8,,0.8,2.1,3.0,0.142,-2.8,0.4,-2.3,-0.1,2564753.0,Roll + Cut Big,C,-0.02,-1.22,1.2,1.4,0.13,-1.65,1.78
119,Dwight Powell,403.0,29.0,45,669,15.5,0.652,0.139,0.583,8.7,16.9,12.8,7.4,2.0,2.1,12.6,13.7,,1.5,0.8,2.3,0.168,-1.4,1.2,-0.2,0.3,10185185.0,Roll + Cut Big,C,-0.06,-1.38,1.33,0.9,-0.41,-1.18,0.77
120,Dylan Windler,516.0,24.0,31,513,10.8,0.567,0.592,0.208,4.3,19.5,11.7,9.2,1.8,2.1,18.4,14.8,,0.0,0.6,0.6,0.052,-1.8,0.1,-1.7,0.0,2137440.0,Athletic Finisher,SF,-0.93,-1.21,0.27,0.5,-1.5,-1.98,0.48
121,E'Twaun Moore,341.0,31.0,24,348,8.7,0.479,0.284,0.098,4.3,9.2,6.8,13.2,2.0,1.0,14.5,15.9,,-0.1,0.4,0.3,0.039,-4.4,0.7,-3.7,-0.2,2331593.0,Stationary Shooter,SG,-1.87,-1.51,-0.35,0.1,-2.36,-1.79,-0.57
122,Ed Davis,116.0,31.0,22,293,13.5,0.487,0.0,0.273,16.4,25.9,21.0,9.3,2.1,3.8,12.4,8.1,,0.5,0.3,0.8,0.133,-3.4,0.7,-2.7,-0.1,5005350.0,Roll + Cut Big,C,-0.07,-1.76,1.69,0.4,-0.29,-1.75,1.46
123,Edmond Sumner,459.0,25.0,46,711,12.8,0.627,0.335,0.274,2.4,9.4,5.9,8.0,1.9,1.2,14.0,18.0,,0.6,0.6,1.1,0.077,-2.0,-0.3,-2.3,0.0,2160000.0,Stationary Shooter,SG,-2.32,-1.16,-1.16,0.0,-2.44,-1.66,-0.78
124,Elfrid Payton,387.0,26.0,52,1314,12.6,0.487,0.164,0.178,5.2,10.2,7.8,21.6,1.5,0.7,13.1,23.4,,-0.4,1.6,1.2,0.043,-2.1,-0.7,-2.8,-0.3,5760000.0,Slasher,PG,-2.35,-0.53,-1.82,0.0,-1.12,-0.8,-0.32
125,Elfrid Payton,387.0,26.0,52,1314,12.6,0.487,0.164,0.178,5.2,10.2,7.8,21.6,1.5,0.7,13.1,23.4,,-0.4,1.6,1.2,0.043,-2.1,-0.7,-2.8,-0.3,5760000.0,Slasher,PG,-2.35,-0.53,-1.82,0.0,-1.12,-0.8,-0.32
126,Elijah Hughes,229.0,22.0,13,46,9.1,0.526,0.773,0.182,0.0,15.3,8.0,12.8,1.1,1.7,20.2,27.9,,-0.1,0.1,0.0,-0.03,-2.1,-1.0,-3.2,0.0,898310.0,Movement Shooter,SF,-1.45,-0.19,-1.26,0.0,-1.04,-0.05,-0.99
127,Enes Kanter,266.0,28.0,59,1536,22.5,0.643,0.002,0.292,16.7,31.4,23.8,7.5,0.9,2.4,11.5,17.4,,5.1,1.3,6.4,0.199,1.9,-1.9,0.0,0.8,5005350.0,Post Scorer,C,1.5,1.88,-0.38,3.8,0.23,0.59,-0.37
128,Eric Bledsoe,50.0,31.0,59,1761,10.9,0.53,0.509,0.244,1.5,10.9,6.3,16.6,1.2,0.9,12.7,18.0,,0.9,0.7,1.6,0.044,-1.3,-1.6,-2.9,-0.4,16875000.0,Primary Ball Handler,SG,-0.7,0.0,-0.7,1.8,-0.68,-0.09,-0.58
129,Eric Gordon,177.0,32.0,27,789,14.6,0.577,0.572,0.311,1.0,7.0,3.9,14.8,0.8,1.5,10.9,25.3,,0.6,0.3,0.9,0.054,0.9,-1.5,-0.6,0.3,16869276.0,Secondary Ball Handler,SG,-0.92,0.68,-1.6,0.7,-1.35,0.36,-1.72
130,Eric Paschall,381.0,24.0,39,676,13.4,0.555,0.181,0.304,4.3,15.2,9.8,11.8,0.8,0.9,11.0,23.5,,0.2,0.6,0.8,0.058,-1.7,-1.5,-3.1,-0.2,1517981.0,Roll + Cut Big,PF,-2.03,-1.24,-0.79,0.1,-1.82,-0.86,-0.96
131,Evan Fournier,156.0,28.0,21,616,14.933333333333335,0.5673333333333334,0.5346666666666666,0.25933333333333336,0.7000000000000001,8.466666666666667,4.5,17.3,1.8333333333333333,1.7333333333333334,11.266666666666667,22.633333333333336,,0.8666666666666667,0.43333333333333335,1.2666666666666664,0.085,0.2333333333333334,-0.06666666666666665,0.20000000000000004,0.43333333333333335,17000000.0,Secondary Ball Handler,SF-SG,0.02,0.32,-0.31,1.4,0.28,0.67,-0.38
132,Facundo Campazzo,85.0,29.0,54,1076,10.5,0.551,0.711,0.25,1.7,7.7,4.7,18.8,2.6,1.0,17.1,12.6,,1.0,1.0,2.1,0.092,-2.3,0.5,-1.7,0.1,3623000.0,Secondary Ball Handler,PG,-1.64,-1.36,-0.28,0.4,-0.66,-0.73,0.07
133,Frank Kaminsky,265.0,27.0,34,493,15.5,0.546,0.367,0.22,5.1,22.4,13.9,15.2,1.0,2.4,7.6,18.9,,0.6,0.7,1.3,0.13,0.6,1.2,1.8,0.5,1882867.0,Stretch Big,C,0.0,0.03,-0.02,0.8,0.56,0.24,0.32
134,Frank Ntilikina,360.0,22.0,24,261,7.5,0.514,0.585,0.246,2.1,8.2,5.2,8.0,2.9,0.7,12.2,13.9,,0.0,0.4,0.4,0.066,-5.3,1.9,-3.4,-0.1,6176578.0,Secondary Ball Handler,PG,-2.13,-1.98,-0.15,0.0,-1.8,-1.58,-0.22
135,Fred VanVleet,486.0,26.0,47,1699,17.2,0.543,0.549,0.231,1.8,11.1,6.3,26.6,2.3,2.1,9.5,23.8,,2.4,1.8,4.2,0.119,2.4,0.0,2.4,1.9,21250000.0,Primary Ball Handler,SG,3.2,2.14,1.05,6.0,2.11,1.91,0.2
136,Furkan Korkmaz,272.0,23.0,47,928,12.9,0.554,0.628,0.215,1.4,9.9,5.8,9.7,2.3,0.8,9.4,20.5,,0.5,1.2,1.7,0.089,-0.4,0.3,-0.1,0.4,1762796.0,Movement Shooter,SG,0.71,0.86,-0.14,1.8,-0.18,0.37,-0.54
137,Garrett Temple,463.0,34.0,44,1179,8.5,0.528,0.533,0.131,2.1,9.7,6.0,10.5,1.5,1.5,12.4,13.5,,0.2,1.0,1.2,0.048,-3.2,-0.3,-3.5,-0.5,4767000.0,Stationary Shooter,SG,-0.59,-0.76,0.17,1.2,-1.68,-1.72,0.04
138,Gary Clark,97.0,26.0,36,639,6.1,0.439,0.824,0.076,5.2,13.55,9.2,6.4,0.9,1.0,11.2,10.3,,-0.2,0.4,0.1,0.01,-3.8499999999999996,-0.9,-4.8,-0.44999999999999996,2000000.0,Stationary Shooter,SF,-2.37,-1.9,-0.47,0.0,-2.8,-2.51,-0.29
139,Gary Harris,199.0,26.0,17,507,9.799999999999999,0.532,0.393,0.295,2.233333333333333,5.366666666666667,3.766666666666667,9.7,1.2,1.0666666666666667,8.4,16.599999999999998,,0.3333333333333333,0.2666666666666667,0.6000000000000001,0.04933333333333334,-2.5666666666666664,-1.866666666666667,-4.3999999999999995,-0.26666666666666666,19160714.0,Stationary Shooter,SG,-0.72,-0.76,0.03,0.7,-1.39,-1.08,-0.31
140,George Hill,213.0,34.0,12,299,13.266666666666666,0.6043333333333333,0.3703333333333334,0.22399999999999998,2.5,6.8,4.7,14.5,1.2,1.6333333333333335,12.266666666666666,15.9,,0.5333333333333333,0.20000000000000004,0.7333333333333333,0.09733333333333334,-0.5000000000000001,-0.7999999999999999,-1.3,0.13333333333333333,9590602.0,Secondary Ball Handler,PG,0.17,0.41,-0.24,0.6,-0.49,-0.19,-0.3
141,Georges Niang,356.0,27.0,60,872,10.3,0.589,0.728,0.03,2.7,14.3,8.8,7.3,0.9,0.6,12.5,17.0,,0.5,1.1,1.6,0.09,-1.2,0.1,-1.1,0.2,1783557.0,Stationary Shooter,PF,-0.85,-0.86,0.01,0.8,-1.71,-0.82,-0.89
142,Giannis Antetokounmpo,12.0,26.0,50,1678,29.0,0.63,0.198,0.55,5.6,29.0,17.7,29.2,1.7,3.4,14.0,32.8,,5.6,2.9,8.5,0.242,6.0,2.6,8.6,4.5,27528090.0,Slasher,PF,5.65,3.59,2.06,8.2,5.72,4.08,1.64
143,Goga Bitadze,47.0,21.0,37,419,18.1,0.547,0.366,0.294,12.4,18.6,15.5,8.7,0.9,9.1,8.5,19.3,,0.6,0.6,1.3,0.145,-1.3,1.1,-0.2,0.2,2957520.0,Stretch Big,C,1.0,-0.1,1.1,0.9,1.08,-0.09,1.18
144,Gordon Hayward,208.0,30.0,44,1496,17.7,0.584,0.312,0.281,2.7,16.3,9.4,19.5,1.7,0.9,11.0,23.9,,2.3,1.4,3.6,0.117,1.9,-0.5,1.4,1.3,28500000.0,Secondary Ball Handler,SF,-0.41,0.22,-0.63,1.9,0.37,0.58,-0.21
145,Gorgui Dieng,123.0,31.0,19,281,15.9,0.6283333333333334,0.4643333333333333,0.5073333333333334,6.5,20.833333333333332,13.5,10.366666666666667,2.1,2.8333333333333335,14.233333333333333,15.466666666666669,,0.6,0.43333333333333335,1.0666666666666667,0.155,-0.7000000000000001,1.9333333333333333,1.1666666666666665,0.26666666666666666,17587688.0,Stretch Big,C,-0.16,-0.9,0.74,0.6,0.3,-0.4,0.7
146,Gorgui Dieng,123.0,31.0,19,281,15.9,0.6283333333333334,0.4643333333333333,0.5073333333333334,6.5,20.833333333333332,13.5,10.366666666666667,2.1,2.8333333333333335,14.233333333333333,15.466666666666669,,0.6,0.43333333333333335,1.0666666666666667,0.155,-0.7000000000000001,1.9333333333333333,1.1666666666666665,0.26666666666666666,17587688.0,Stretch Big,C,-0.16,-0.9,0.74,0.6,0.3,-0.4,0.7
147,Grant Williams,509.0,22.0,52,974,6.7,0.524,0.535,0.202,4.7,12.5,8.6,6.8,1.5,1.8,18.2,11.7,,-0.2,0.9,0.8,0.038,-4.4,-0.1,-4.5,-0.6,2498760.0,Stretch Big,PF,-1.98,-2.57,0.59,0.2,-2.38,-2.55,0.17
148,Grayson Allen,8.0,25.0,45,1153,13.4,0.6,0.671,0.219,1.4,12.4,6.8,11.4,1.8,0.6,9.9,17.1,,1.5,1.1,2.6,0.108,0.0,0.1,0.0,0.6,2545320.0,Movement Shooter,SG,-0.44,0.03,-0.47,1.3,0.12,0.24,-0.12
149,Hamidou Diallo,122.0,22.0,31,697,13.100000000000001,0.5233333333333333,0.16133333333333333,0.412,5.566666666666666,18.0,11.733333333333333,13.033333333333331,1.5333333333333332,1.8666666666666665,12.466666666666669,21.599999999999998,,0.13333333333333333,0.7333333333333333,0.8666666666666668,0.05133333333333334,-2.8666666666666667,-0.5,-3.3333333333333335,-0.13333333333333333,1663861.0,Athletic Finisher,SG-SF,-0.85,-0.59,-0.27,0.9,-1.03,-1.09,0.06
150,Harrison Barnes,30.0,28.0,56,2038,15.3,0.621,0.394,0.375,3.4,17.2,10.2,13.0,1.0,0.4,11.0,17.0,,3.9,0.2,4.1,0.096,1.3,-1.6,-0.4,0.8,22215909.0,Stretch Big,PF,-0.16,0.59,-0.74,2.8,-0.91,0.52,-1.43
151,Hassan Whiteside,506.0,31.0,36,546,19.3,0.566,0.004,0.353,12.2,32.0,21.9,5.6,0.8,7.1,13.4,23.5,,0.3,0.5,0.9,0.076,-1.8,-0.6,-2.5,-0.1,2320044.0,Post Scorer,C,0.41,-0.93,1.34,0.9,0.89,-0.71,1.59
152,Henry Ellenson,139.0,24.0,2,38,12.8,0.476,0.643,0.286,8.4,26.8,17.4,19.0,0.0,0.0,0.0,17.9,,0.1,0.0,0.1,0.131,-3.1,1.0,-2.1,0.0,50000.0,Stretch Big,PF,-0.25,-0.03,-0.22,0.1,-0.56,-0.25,-0.32
153,Ignas Brazdeikis,64.0,22.0,3,10,-0.6666666666666666,0.24566666666666667,0.19433333333333333,0.8333333333333334,7.633333333333333,21.366666666666664,14.633333333333333,8.566666666666666,0.0,0.0,17.233333333333334,17.133333333333336,,-0.06666666666666667,0.0,-0.06666666666666667,-0.1516666666666667,-11.1,-3.0666666666666664,-14.200000000000001,0.0,1517981.0,Athletic Finisher,SF,-0.63,0.01,-0.63,0.0,-0.71,-0.1,-0.62
154,Iman Shumpert,442.0,30.0,2,11,-0.3,0.25,0.75,0.0,10.6,0.0,5.1,0.0,4.4,0.0,20.0,19.8,,-0.1,0.0,0.0,-0.21,-10.2,-2.7,-13.0,0.0,447155.0,Stretch Big,SG,-0.29,0.0,-0.29,0.0,-0.37,0.03,-0.4
155,Immanuel Quickley,407.0,21.0,56,1093,16.2,0.553,0.518,0.301,2.3,9.8,6.1,17.1,1.2,1.0,7.8,25.9,,1.8,1.2,3.0,0.131,1.8,-0.9,0.9,0.8,2105520.0,Primary Ball Handler,PG,1.17,1.81,-0.64,2.4,0.27,1.42,-1.15
156,Isaac Bonga,57.0,21.0,37,418,4.5,0.478,0.59,0.103,4.6,11.9,8.2,6.6,1.2,1.6,20.5,10.2,,-0.3,0.3,0.1,0.007,-5.3,-0.8,-6.1,-0.4,1663861.0,Stationary Shooter,SF,-2.46,-3.45,0.99,0.0,-2.99,-3.25,0.26
157,Isaac Okoro,372.0,20.0,54,1719,7.1,0.514,0.391,0.242,3.3,6.7,4.9,7.9,1.6,1.2,14.3,12.8,,-0.4,1.0,0.7,0.019,-4.5,-0.5,-5.0,-1.3,6400920.0,Stationary Shooter,SG,-3.79,-3.06,-0.73,-1.6,-3.6,-3.34,-0.26
158,Isaiah Hartenstein,205.0,22.0,29,347,19.133333333333333,0.604,0.03333333333333333,0.448,13.566666666666668,25.0,19.166666666666668,14.4,1.7000000000000002,6.866666666666667,17.833333333333332,18.866666666666664,,0.5333333333333333,0.5666666666666667,1.0999999999999999,0.15500000000000003,-2.1,1.2666666666666668,-0.7999999999999998,0.06666666666666667,1445697.0,Roll + Cut Big,C,1.01,-0.34,1.35,1.0,0.07,-0.92,1.0
159,Isaiah Joe,249.0,21.0,32,293,7.8,0.485,0.784,0.165,2.3,8.5,5.5,7.9,1.3,1.2,6.3,16.2,,0.0,0.3,0.3,0.054,-3.2,-1.3,-4.5,-0.2,898310.0,Movement Shooter,SG,-0.79,0.05,-0.84,0.3,-1.26,-0.27,-0.99
160,Isaiah Roby,426.0,22.0,49,1160,12.8,0.571,0.238,0.279,6.9,18.1,12.5,12.0,1.7,2.5,19.1,17.6,,0.2,1.3,1.5,0.061,-3.1,0.4,-2.6,-0.2,1517981.0,Roll + Cut Big,PF,-2.46,-2.52,0.06,-0.1,-2.35,-2.71,0.36
161,Isaiah Stewart,457.0,19.0,59,1198,16.8,0.615,0.096,0.229,13.1,23.0,18.0,6.6,1.3,4.7,13.8,15.0,,1.9,1.6,3.5,0.139,-1.2,0.3,-0.9,0.4,3121080.0,Roll + Cut Big,C,-0.48,-1.67,1.2,1.3,-1.43,-2.12,0.69
162,Ish Smith,451.0,32.0,31,626,10.7,0.448,0.167,0.12,2.4,14.8,8.6,27.5,1.5,1.1,13.3,15.5,,-0.1,0.6,0.5,0.04,-2.3,-0.1,-2.4,-0.1,6146341.0,Slasher,PG,-0.16,-0.74,0.58,0.8,-0.9,-1.06,0.16
163,Ivica Zubac,526.0,23.0,62,1391,19.3,0.684,0.009,0.443,14.0,22.4,18.3,7.6,0.8,3.5,14.4,15.4,,4.2,1.8,6.0,0.208,0.6,-0.2,0.4,0.9,7000000.0,Roll + Cut Big,C,0.12,-0.92,1.05,2.1,0.97,0.12,0.85
164,Ja Morant,342.0,21.0,50,1611,17.5,0.54,0.238,0.391,3.1,9.5,6.2,33.9,1.3,0.5,14.6,27.6,,1.7,1.2,2.9,0.086,1.6,-2.0,-0.4,0.6,9166800.0,Slasher,PG,0.95,2.01,-1.05,3.3,0.5,1.3,-0.8
165,JaKarr Sampson,435.0,27.0,22,190,9.5,0.477,0.152,0.364,10.3,19.1,14.6,1.4,0.5,3.5,8.4,18.8,,-0.1,0.2,0.1,0.031,-5.7,-2.5,-8.2,-0.3,1882867.0,Roll + Cut Big,PF,-0.63,-0.46,-0.17,0.2,-0.94,-0.67,-0.27
166,JaMychal Green,182.0,30.0,47,878,14.4,0.604,0.528,0.151,9.0,20.5,14.8,5.6,1.4,1.9,12.1,18.1,,1.2,0.9,2.1,0.117,-0.2,-1.7,-1.9,0.0,7199760.0,Stretch Big,PF,-1.0,-0.7,-0.3,0.7,-0.71,-0.37,-0.34
167,JaVale McGee,324.0,33.0,25,372,15.466666666666663,0.555,0.07966666666666666,0.24366666666666667,12.833333333333334,28.066666666666666,20.366666666666664,8.066666666666668,1.666666666666667,6.499999999999999,20.53333333333333,23.733333333333334,,-0.06666666666666667,0.6000000000000001,0.6,0.048999999999999995,-4.466666666666666,1.2333333333333334,-3.233333333333333,0.0666666666666667,4200000.0,Roll + Cut Big,C,0.27,-1.36,1.64,0.9,0.22,-1.23,1.45
168,Jabari Parker,380.0,25.0,5,58,12.299999999999999,0.5676666666666667,0.13533333333333333,0.051333333333333335,8.0,20.7,14.299999999999999,10.966666666666667,0.4666666666666666,3.1,20.933333333333334,18.266666666666666,,0.03333333333333333,0.06666666666666667,0.06666666666666667,0.026,-2.6999999999999997,0.16666666666666666,-2.5000000000000004,0.03333333333333333,6916834.0,Post Scorer,PF,-0.51,-0.19,-0.32,0.1,-0.34,-0.19,-0.15
169,Jabari Parker,380.0,25.0,5,58,12.299999999999999,0.5676666666666667,0.13533333333333333,0.051333333333333335,8.0,20.7,14.299999999999999,10.966666666666667,0.4666666666666666,3.1,20.933333333333334,18.266666666666666,,0.03333333333333333,0.06666666666666667,0.06666666666666667,0.026,-2.6999999999999997,0.16666666666666666,-2.5000000000000004,0.03333333333333333,6916834.0,Post Scorer,PF,-0.51,-0.19,-0.32,0.1,-0.34,-0.19,-0.15
170,Jaden McDaniels,320.0,20.0,54,1260,9.2,0.552,0.519,0.123,3.6,13.6,8.4,6.4,1.1,3.6,10.7,12.5,,0.4,0.7,1.1,0.042,-3.3,-0.4,-3.7,-0.5,1964760.0,Athletic Finisher,PF,-1.69,-2.35,0.66,0.5,-2.6,-2.74,0.14
171,Jae Crowder,110.0,30.0,55,1508,11.6,0.567,0.765,0.15,2.3,17.3,9.9,10.2,1.4,1.4,9.9,15.5,,1.1,2.0,3.1,0.099,-0.1,0.7,0.6,1.0,9258000.0,Stationary Shooter,PF,0.91,-0.71,1.63,3.2,0.84,0.17,0.67
172,Jae'Sean Tate,460.0,25.0,61,1771,14.3,0.583,0.314,0.223,6.9,12.8,9.7,12.1,2.1,1.7,11.2,15.7,,2.3,1.6,3.9,0.105,-1.5,0.7,-0.7,0.6,1445967.0,Stretch Big,SF,0.2,0.1,0.11,2.8,-1.75,-1.53,-0.23
173,Jahlil Okafor,368.0,25.0,19,210,13.3,0.633,0.097,0.161,6.8,14.0,10.3,8.4,0.7,1.2,13.1,15.8,,0.3,0.1,0.4,0.093,-1.7,-1.0,-2.7,0.0,1882867.0,Post Scorer,C,-1.43,-1.16,-0.27,0.1,-1.27,-0.83,-0.44
174,Jahmi'us Ramsey,408.0,19.0,5,17,15.3,0.7,0.6,0.0,0.0,26.7,13.1,8.2,0.0,4.9,16.7,15.2,,0.0,0.0,0.0,0.062,0.2,-1.4,-1.2,0.0,1000000.0,Athletic Finisher,SG,-0.03,-0.09,0.06,0.0,-0.3,-0.26,-0.04
175,Jake Layman,280.0,26.0,42,602,11.5,0.578,0.417,0.211,2.3,9.6,5.8,6.8,2.3,2.4,12.0,15.2,,0.2,0.4,0.6,0.047,-2.6,-0.1,-2.7,-0.1,3761085.0,Athletic Finisher,SF,-1.34,-2.02,0.68,0.4,-1.87,-2.01,0.14
176,Jakob Poeltl,393.0,25.0,58,1526,17.7,0.618,0.0,0.298,13.0,19.5,16.2,10.0,1.2,5.8,16.0,13.5,,2.6,2.3,4.9,0.155,-0.5,1.1,0.6,1.0,8101852.0,Roll + Cut Big,C,1.46,-0.77,2.23,3.5,-0.45,-1.54,1.09
177,Jalen Brunson,76.0,24.0,55,1403,16.9,0.62,0.321,0.269,2.0,13.3,7.8,20.7,1.0,0.0,11.0,19.9,,3.2,0.9,4.1,0.14,1.2,-0.9,0.4,0.8,1663861.0,Primary Ball Handler,PG,0.67,0.86,-0.19,2.6,-0.31,0.8,-1.11
178,Jalen Lecque,281.0,20.0,4,12,4.8,0.242,0.111,0.333,18.0,27.5,22.7,21.0,0.0,0.0,0.0,36.7,,-0.1,0.0,-0.1,-0.232,-6.3,-6.8,-13.1,0.0,1517981.0,Slasher,PG,-0.64,-0.1,-0.55,0.0,-0.66,-0.07,-0.59
179,Jalen McDaniels,321.0,23.0,34,574,10.2,0.546,0.371,0.22,4.3,14.2,9.2,8.7,1.5,1.8,13.9,17.8,,0.0,0.5,0.5,0.042,-3.6,-0.8,-4.4,-0.3,1517981.0,Stationary Shooter,SF,-1.95,-1.99,0.04,0.1,-2.16,-2.06,-0.11
180,Jalen Smith,452.0,20.0,20,88,4.4,0.412,0.379,0.103,7.8,16.3,12.1,3.0,0.6,2.1,14.2,17.8,,-0.2,0.1,-0.1,-0.046,-6.1,-1.8,-7.8,-0.1,4245720.0,Versatile Big,PF,-1.31,-0.71,-0.6,0.1,-1.19,-0.52,-0.67
181,Jamal Murray,349.0,23.0,48,1704,18.4,0.592,0.399,0.193,2.5,10.4,6.5,20.2,1.9,0.7,11.2,24.8,,3.3,1.4,4.6,0.13,2.7,-1.0,1.7,1.6,29250000.0,Primary Ball Handler,PG,1.43,2.02,-0.59,4.3,1.7,2.27,-0.57
182,James Harden,195.0,31.0,28,1039,24.100000000000005,0.6150000000000001,0.4733333333333334,0.43933333333333335,2.4000000000000004,18.933333333333334,10.833333333333334,45.166666666666664,1.3999999999999997,1.7,16.899999999999995,28.73333333333333,,3.4666666666666672,1.0666666666666667,4.466666666666667,0.19633333333333333,6.0,0.033333333333333326,6.033333333333334,2.1999999999999997,40824000.0,Shot Creator,PG-SG,3.95,4.57,-0.62,6.5,4.75,4.56,0.19
183,James Johnson,252.0,33.0,27,535,11.533333333333333,0.5123333333333333,0.39399999999999996,0.22199999999999998,3.033333333333333,14.533333333333331,8.833333333333334,13.699999999999998,2.033333333333333,4.3,14.133333333333333,16.900000000000002,,-0.03333333333333333,0.6666666666666666,0.6666666666666666,0.05566666666666666,-2.5,1.2,-1.3333333333333333,0.13333333333333333,16047100.0,Stationary Shooter,PF,-0.71,-1.37,0.66,0.9,-0.08,-1.19,1.11
184,James Wiseman,519.0,19.0,39,836,13.2,0.552,0.103,0.234,7.1,21.6,14.4,5.0,0.6,3.8,12.9,23.8,,-0.4,1.1,0.7,0.04,-4.0,-1.4,-5.4,-0.7,8730240.0,Post Scorer,C,-3.13,-2.97,-0.16,-0.5,-1.6,-1.88,0.28
185,Jared Dudley,134.0,35.0,11,76,5.5,0.429,0.714,0.0,6.0,21.8,14.0,8.1,0.6,1.2,22.2,5.2,,0.0,0.1,0.1,0.08,-3.8,0.2,-3.6,0.0,2564753.0,Stretch Big,PF,-0.54,-0.69,0.15,0.1,-0.7,-0.62,-0.08
186,Jarred Vanderbilt,485.0,21.0,53,912,15.7,0.603,0.022,0.505,10.3,24.8,17.2,10.3,2.4,3.8,17.4,12.7,,1.1,1.1,2.2,0.117,-1.9,1.0,-0.9,0.2,1663861.0,Roll + Cut Big,PF,-0.44,-2.83,2.39,1.1,-0.22,-1.95,1.73
187,Jarrett Allen,9.0,22.0,33,966,21.099999999999998,0.6926666666666667,0.02566666666666667,0.7133333333333333,11.933333333333332,27.33333333333333,19.666666666666668,8.299999999999999,0.8666666666666667,4.8999999999999995,15.066666666666668,16.266666666666666,,2.533333333333333,1.2,3.733333333333333,0.19333333333333333,1.7,0.06666666666666667,1.7333333333333332,0.8999999999999999,3909902.0,Roll + Cut Big,C,1.21,-0.01,1.23,3.2,0.78,-0.36,1.14
188,Jarrett Culver,111.0,21.0,34,499,8.9,0.476,0.315,0.286,7.1,15.9,11.3,6.9,1.6,1.6,12.9,18.3,,-0.4,0.3,-0.1,-0.01,-4.8,-1.8,-6.6,-0.6,6104280.0,Athletic Finisher,SG,-1.94,-2.17,0.22,0.1,-2.25,-2.0,-0.25
189,Javonte Green,183.0,27.0,21,252,8.133333333333333,0.49,0.24933333333333332,0.373,6.633333333333333,12.666666666666666,9.666666666666666,5.300000000000001,2.6999999999999997,2.233333333333333,20.900000000000002,13.433333333333332,,0.16666666666666666,0.30000000000000004,0.4666666666666666,0.01999999999999999,-4.466666666666667,0.7999999999999999,-3.6666666666666665,0.0,1517981.0,Stretch Big,SG-PG,-1.98,-1.73,-0.25,0.1,-1.77,-1.64,-0.13
190,Jaxson Hayes,206.0,20.0,48,710,17.5,0.688,0.038,0.443,9.8,18.9,14.4,5.1,1.2,3.1,12.4,14.9,,1.7,0.6,2.3,0.158,-0.3,-0.2,-0.6,0.2,5105160.0,Roll + Cut Big,C,-0.7,-1.3,0.59,0.7,-0.77,-1.32,0.54
191,Jaylen Brown,72.0,24.0,53,1811,20.4,0.595,0.361,0.225,3.9,14.9,9.4,17.0,1.7,1.5,11.6,29.5,,3.0,1.9,4.9,0.13,3.8,-0.8,3.0,2.3,22991071.0,Movement Shooter,SG,0.61,1.15,-0.54,3.5,1.55,2.09,-0.54
192,Jaylen Nowell,359.0,21.0,38,714,12.6,0.53,0.437,0.16,2.6,11.3,6.8,12.9,1.4,1.2,7.3,21.7,,0.3,0.3,0.6,0.04,-1.4,-1.7,-3.1,-0.2,1517981.0,Secondary Ball Handler,SG,-1.21,-0.32,-0.89,0.5,-1.75,-0.75,-1.0
193,Jayson Tatum,461.0,22.0,54,1926,20.8,0.571,0.37,0.243,2.1,20.9,11.5,20.5,1.6,1.1,10.5,30.6,,3.2,2.2,5.4,0.134,3.9,-0.3,3.6,2.7,9897120.0,Shot Creator,SF,4.16,3.46,0.7,7.8,2.56,2.8,-0.24
194,Jeff Green,184.0,34.0,56,1505,12.1,0.604,0.466,0.297,2.0,12.9,7.7,8.0,1.0,1.3,8.7,15.3,,2.0,0.9,2.9,0.094,-0.5,-1.1,-1.6,0.2,2564753.0,Stretch Big,C,-0.7,0.3,-1.0,1.5,-0.23,0.06,-0.28
195,Jeff Teague,462.0,32.0,30,536,12.299999999999999,0.553,0.2886666666666666,0.36733333333333335,1.7666666666666666,8.566666666666668,5.233333333333333,19.666666666666668,1.4333333333333333,1.2333333333333334,14.866666666666665,16.966666666666665,,0.4666666666666666,0.46666666666666673,0.9,0.09066666666666667,-1.7333333333333336,-0.43333333333333335,-2.1333333333333333,-0.06666666666666667,3372826.0,Shot Creator,PG,-1.0,-0.35,-0.66,0.7,-1.25,-0.78,-0.47
196,Jeff Teague,462.0,32.0,30,536,12.299999999999999,0.553,0.2886666666666666,0.36733333333333335,1.7666666666666666,8.566666666666668,5.233333333333333,19.666666666666668,1.4333333333333333,1.2333333333333334,14.866666666666665,16.966666666666665,,0.4666666666666666,0.46666666666666673,0.9,0.09066666666666667,-1.7333333333333336,-0.43333333333333335,-2.1333333333333333,-0.06666666666666667,3372826.0,Shot Creator,PG,-1.0,-0.35,-0.66,0.7,-1.25,-0.78,-0.47
197,Jerami Grant,179.0,26.0,52,1778,17.0,0.557,0.355,0.364,2.2,13.1,7.6,14.6,1.0,2.7,9.2,28.4,,1.8,1.4,3.2,0.087,2.1,-1.1,1.0,1.3,19047619.0,Stationary Shooter,SF,0.31,0.54,-0.24,3.0,-0.07,0.52,-0.6
198,Jeremy Lamb,277.0,28.0,36,765,16.0,0.587,0.464,0.272,3.5,15.2,9.3,9.6,2.1,2.5,6.6,18.5,,1.3,0.9,2.1,0.134,0.9,0.4,1.3,0.6,10500000.0,Secondary Ball Handler,SG,-0.47,0.08,-0.55,0.9,-0.08,-0.13,0.05
199,Jerome Robinson,423.0,23.0,17,305,4.1,0.4,0.442,0.211,1.4,11.8,6.6,10.5,1.8,1.7,15.5,16.7,,-0.7,0.3,-0.4,-0.057,-6.5,-1.1,-7.6,-0.4,3737520.0,Secondary Ball Handler,SG,-2.32,-2.39,0.07,0.0,-1.69,-1.94,0.25
200,Jevon Carter,90.0,25.0,47,523,12.2,0.557,0.709,0.025,2.6,12.2,7.5,13.4,1.9,1.4,6.4,14.5,,0.6,0.7,1.3,0.119,-0.4,1.8,1.3,0.4,3549383.0,Stationary Shooter,PG,-0.21,-0.2,-0.01,0.7,-0.4,-0.2,-0.2
201,Jimmy Butler,81.0,31.0,44,1490,26.0,0.6,0.139,0.557,6.2,16.9,11.7,36.7,3.1,1.2,11.3,26.6,,5.2,2.5,7.7,0.248,4.7,2.6,7.4,3.5,34379100.0,Slasher,SF,4.96,3.39,1.57,6.6,4.42,3.31,1.11
202,Joe Harris,201.0,29.0,60,1851,15.0,0.677,0.636,0.094,2.3,10.2,6.4,8.4,1.0,0.6,6.9,16.2,,4.2,0.9,5.1,0.132,2.2,-1.4,0.8,1.3,16071429.0,Off Screen Shooter,SF,0.19,0.86,-0.67,2.9,0.76,1.5,-0.74
203,Joe Ingles,235.0,33.0,55,1505,17.0,0.711,0.722,0.158,1.7,12.0,7.1,22.9,1.2,0.6,16.0,16.1,,4.4,1.9,6.2,0.199,3.4,1.0,4.4,2.4,10863637.0,Stationary Shooter,SF,1.54,1.61,-0.06,3.6,0.91,1.19,-0.28
204,Joel Embiid,141.0,26.0,41,1316,31.3,0.637,0.17,0.633,8.0,29.7,19.0,17.7,1.5,3.9,11.9,35.7,,5.0,2.5,7.5,0.275,6.9,1.3,8.2,3.3,29542010.0,Post Scorer,C,5.97,4.16,1.81,6.6,5.48,4.01,1.47
205,John Collins,102.0,23.0,51,1528,20.5,0.631,0.257,0.252,7.8,20.3,14.1,7.4,0.8,3.0,8.3,22.4,,4.0,1.5,5.5,0.171,2.3,-0.5,1.8,1.5,4137302.0,Stretch Big,PF,1.34,1.19,0.15,3.5,1.38,1.15,0.23
206,John Konchar,271.0,24.0,34,465,13.0,0.568,0.398,0.233,5.6,16.4,10.9,10.0,3.0,1.4,12.3,11.8,,0.5,0.7,1.2,0.12,-1.5,1.4,-0.1,0.2,2093023.0,Stretch Big,SG,-1.02,-1.18,0.16,0.4,-0.67,-1.48,0.81
207,John Wall,495.0,30.0,40,1288,15.6,0.503,0.343,0.291,1.3,9.6,5.3,36.7,1.5,2.2,14.7,31.8,,-0.9,0.9,0.0,-0.002,1.4,-1.6,-0.2,0.6,41254920.0,Shot Creator,PG,0.39,1.1,-0.71,2.1,-0.2,0.88,-1.08
208,Jontay Porter,397.0,21.0,7,22,2.9,0.5,0.75,0.0,9.5,34.7,21.9,6.0,4.3,0.0,38.5,25.0,,-0.1,0.0,-0.1,-0.141,-11.4,0.4,-11.0,0.0,1904762.0,Stretch Big,PF,-0.49,-0.29,-0.2,0.0,-0.66,-0.39,-0.27
209,Jordan Clarkson,99.0,28.0,56,1457,16.5,0.549,0.576,0.122,3.0,12.7,8.1,13.9,1.6,0.5,9.6,29.2,,1.1,1.9,3.1,0.101,1.8,-1.0,0.8,1.0,11500000.0,Secondary Ball Handler,SG,0.47,1.58,-1.11,2.5,0.76,2.16,-1.4
210,Jordan Nwora,365.0,22.0,25,227,15.0,0.584,0.481,0.194,1.9,17.9,10.2,4.3,2.9,2.0,14.6,25.3,,-0.1,0.4,0.3,0.067,-1.4,-0.3,-1.7,0.0,898310.0,Stationary Shooter,SF,-1.14,-0.91,-0.23,0.2,-0.68,-0.55,-0.13
211,Jordan Poole,396.0,21.0,39,717,14.4,0.572,0.568,0.22,1.0,7.4,4.2,15.9,1.4,0.7,8.7,24.7,,0.6,0.6,1.2,0.081,0.6,-1.3,-0.8,0.2,2063280.0,Movement Shooter,SG,-1.59,0.65,-2.24,0.3,-0.77,0.89,-1.65
212,Josh Green,185.0,20.0,28,284,7.1,0.473,0.283,0.25,7.1,13.3,10.2,6.5,1.2,1.0,18.4,12.8,,-0.2,0.2,0.1,0.012,-4.5,-0.5,-5.0,-0.2,2816760.0,Athletic Finisher,SG,-1.33,-1.19,-0.15,0.2,-2.06,-1.7,-0.36
213,Josh Hart,204.0,25.0,47,1349,12.3,0.566,0.561,0.259,4.4,26.3,15.4,10.5,1.4,0.8,11.3,13.6,,1.5,1.2,2.6,0.094,-1.1,0.0,-1.1,0.3,3491159.0,Stationary Shooter,SF,-0.17,-0.19,0.02,1.9,-0.29,-0.8,0.51
214,Josh Jackson,241.0,23.0,56,1402,12.5,0.522,0.355,0.298,4.0,14.1,9.0,14.5,1.7,2.5,14.5,26.6,,-1.1,1.4,0.3,0.011,-2.1,-0.8,-2.9,-0.3,4767000.0,Movement Shooter,SG,-1.3,-1.85,0.55,0.9,-1.87,-1.28,-0.59
215,Josh Okogie,370.0,22.0,48,1016,8.9,0.524,0.427,0.391,4.6,8.6,6.5,6.9,2.2,2.0,12.3,12.2,,0.3,0.6,0.9,0.043,-4.1,0.2,-3.9,-0.5,2651040.0,Athletic Finisher,SG,-2.02,-1.91,-0.11,0.2,-2.28,-2.53,0.25
216,Josh Richardson,417.0,27.0,48,1524,11.5,0.542,0.455,0.19,3.1,8.9,6.0,12.3,1.4,1.3,10.8,17.7,,1.0,1.1,2.1,0.066,-1.5,-0.6,-2.2,-0.1,10800000.0,Stationary Shooter,SG,-0.97,-0.48,-0.49,1.3,-0.53,-0.18,-0.35
217,Jrue Holiday,218.0,30.0,47,1498,19.8,0.595,0.35,0.15,4.2,10.3,7.4,24.8,2.6,1.4,12.8,21.7,,3.3,1.9,5.2,0.168,2.6,0.9,3.5,2.1,26131111.0,Primary Ball Handler,PG,2.12,1.33,0.79,4.1,2.21,1.77,0.44
218,Julius Randle,410.0,26.0,60,2251,20.1,0.573,0.289,0.333,3.7,26.5,15.2,27.1,1.3,0.6,14.2,28.8,,3.3,3.7,6.9,0.148,3.1,0.9,3.9,3.4,18900000.0,Versatile Big,PF,1.36,0.88,0.48,5.2,2.01,1.1,0.92
219,Justin Holiday,219.0,31.0,59,1823,10.0,0.552,0.727,0.132,1.6,11.2,6.4,6.9,1.9,1.2,7.9,14.0,,0.7,1.6,2.3,0.061,-1.0,-0.3,-1.3,0.3,5720400.0,Movement Shooter,SG,-0.77,-0.81,0.03,1.8,-1.04,-0.77,-0.26
220,Justin Jackson,242.0,25.0,33,544,10.8,0.519,0.524,0.165,2.7,10.9,6.8,14.4,1.3,0.3,12.0,20.3,,-0.1,0.3,0.2,0.022,-2.0,-1.0,-2.9,-0.1,5029650.0,Stationary Shooter,SF,-1.68,-0.74,-0.94,0.2,-1.93,-0.86,-1.07
221,Justin James,244.0,24.0,26,152,7.4,0.486,0.405,0.286,2.2,6.0,4.0,12.8,0.9,0.6,11.3,15.1,,0.0,0.0,-0.1,-0.02,-3.3,-2.5,-5.8,-0.1,1517981.0,Stationary Shooter,SF,-0.98,-0.77,-0.21,0.1,-1.09,-0.75,-0.35
222,Justise Winslow,517.0,24.0,19,384,4.6,0.374,0.258,0.11,3.8,19.9,11.7,11.8,1.6,1.9,14.9,22.1,,-1.2,0.5,-0.8,-0.097,-7.3,-0.3,-7.6,-0.5,13000000.0,Stationary Shooter,SF,-1.44,-1.74,0.3,0.2,-1.81,-1.86,0.05
223,KZ Okpala,373.0,21.0,30,384,3.8,0.413,0.56,0.119,5.4,12.1,8.8,5.4,1.0,2.2,12.8,11.9,,-0.4,0.4,0.0,-0.004,-7.0,-0.8,-7.8,-0.6,1517981.0,Stationary Shooter,PF,-2.45,-2.52,0.07,0.0,-2.66,-2.95,0.3
224,Karl-Anthony Towns,478.0,25.0,39,1337,23.4,0.615,0.353,0.333,8.1,27.2,17.3,23.0,1.0,3.5,13.7,28.6,,3.0,1.2,4.2,0.151,4.2,0.4,4.6,2.2,29430000.0,Versatile Big,C,3.07,2.34,0.73,4.4,1.52,1.57,-0.06
225,Kawhi Leonard,285.0,29.0,46,1581,26.8,0.622,0.274,0.315,3.8,17.6,10.9,24.6,2.4,1.1,8.7,29.1,,5.9,2.2,8.1,0.246,5.8,1.1,6.9,3.6,34379100.0,Shot Creator,SF,5.11,4.09,1.02,7.7,5.0,4.44,0.56
226,Kelan Martin,309.0,25.0,22,120,10.4,0.467,0.457,0.109,8.1,15.6,11.8,7.9,2.0,2.1,11.1,19.3,,-0.1,0.1,0.1,0.021,-3.0,-1.3,-4.3,-0.1,1445697.0,Stationary Shooter,SF,-0.75,-0.4,-0.35,0.1,-1.01,-0.52,-0.49
227,Keldon Johnson,253.0,21.0,56,1600,14.0,0.555,0.266,0.276,5.3,18.8,11.9,9.0,1.0,1.3,8.9,19.2,,1.3,1.7,3.0,0.09,-0.8,-1.0,-1.7,0.1,2048040.0,Stationary Shooter,SF,-0.26,-0.1,-0.16,2.0,-0.7,-0.74,0.04
228,Kelly Olynyk,375.0,29.0,40,1121,15.9,0.6213333333333334,0.5516666666666666,0.19766666666666666,4.433333333333334,22.066666666666666,13.200000000000001,13.566666666666665,1.6666666666666667,2.0,13.833333333333334,18.900000000000002,,1.0,1.5333333333333332,2.566666666666667,0.12000000000000001,0.03333333333333336,0.7000000000000001,0.7333333333333333,0.6333333333333333,12198243.0,Stretch Big,C-PF,1.83,0.52,1.31,4.3,0.43,-0.54,0.96
229,Kemba Walker,493.0,30.0,38,1198,16.6,0.546,0.529,0.202,1.0,12.8,6.9,24.2,1.7,0.9,11.2,25.7,,1.5,1.1,2.6,0.103,1.9,-0.6,1.3,1.0,34379100.0,Primary Ball Handler,PG,1.33,1.65,-0.32,2.8,1.63,2.22,-0.59
230,Kendrick Nunn,361.0,25.0,47,1362,13.8,0.583,0.497,0.096,1.4,11.0,6.3,15.6,1.7,0.9,10.8,20.9,,0.8,1.4,2.3,0.081,-0.5,0.0,-0.5,0.5,1663861.0,Secondary Ball Handler,PG,-0.93,-0.38,-0.55,1.1,-0.9,-0.62,-0.28
231,Kenrich Williams,510.0,26.0,60,1274,13.7,0.594,0.283,0.16,6.5,14.2,10.3,15.7,1.7,1.0,14.2,14.9,,1.5,1.1,2.6,0.099,-1.2,0.6,-0.5,0.5,2000000.0,Athletic Finisher,PF,-1.96,-1.58,-0.38,0.3,-2.59,-2.18,-0.41
232,Kent Bazemore,36.0,31.0,57,1032,11.1,0.566,0.468,0.211,2.5,15.5,9.0,12.1,2.5,2.3,16.4,16.6,,-0.1,1.5,1.4,0.067,-2.6,1.3,-1.3,0.2,2320044.0,Stationary Shooter,SF,0.18,-1.42,1.6,1.6,-1.44,-2.05,0.61
233,Kevin Durant,135.0,32.0,24,784,26.2,0.674,0.321,0.411,1.3,20.7,11.4,26.2,0.9,3.5,15.5,31.8,,2.4,0.8,3.2,0.196,6.1,0.1,6.2,1.6,39058950.0,Shot Creator,PF,2.71,2.95,-0.25,2.6,3.31,3.3,0.01
234,Kevin Huerter,228.0,22.0,60,1884,12.4,0.546,0.536,0.09,2.0,9.7,5.9,16.4,1.9,0.7,9.5,17.0,,1.9,1.4,3.3,0.083,-0.6,0.1,-0.4,0.8,2761920.0,Movement Shooter,SG,-0.98,0.15,-1.12,1.6,-0.35,0.16,-0.5
235,Kevin Love,294.0,32.0,16,364,15.0,0.535,0.638,0.225,3.6,29.0,16.0,15.6,1.1,0.5,10.7,23.6,,0.1,0.4,0.5,0.069,0.8,-1.4,-0.5,0.1,1300000.0,Versatile Big,PF,2.07,1.65,0.42,0.8,1.62,1.31,0.32
236,Kevon Looney,291.0,24.0,49,850,12.6,0.588,0.11,0.234,11.5,17.7,14.6,14.5,1.0,1.9,16.7,9.6,,1.5,1.0,2.5,0.142,-1.6,0.6,-1.0,0.2,4821429.0,Roll + Cut Big,C,-0.66,-1.26,0.6,0.8,-1.45,-1.66,0.21
237,Khem Birch,46.0,28.0,37,757,14.66666666666667,0.5459999999999999,0.12200000000000001,0.37800000000000006,11.833333333333334,14.800000000000002,13.233333333333333,7.3,1.5,3.766666666666667,9.266666666666666,12.700000000000001,,1.0666666666666667,0.7333333333333334,1.8,0.118,-1.3333333333333333,-0.26666666666666666,-1.5999999999999996,0.03333333333333333,3425463.0,Roll + Cut Big,C,-2.17,-2.05,-0.12,0.1,-1.66,-1.78,0.12
238,Khem Birch,46.0,28.0,37,757,14.66666666666667,0.5459999999999999,0.12200000000000001,0.37800000000000006,11.833333333333334,14.800000000000002,13.233333333333333,7.3,1.5,3.766666666666667,9.266666666666666,12.700000000000001,,1.0666666666666667,0.7333333333333334,1.8,0.118,-1.3333333333333333,-0.26666666666666666,-1.5999999999999996,0.03333333333333333,3425463.0,Roll + Cut Big,C,-2.17,-2.05,-0.12,0.1,-1.66,-1.78,0.12
239,Khris Middleton,333.0,29.0,57,1894,18.2,0.589,0.332,0.219,2.7,15.6,9.4,23.5,1.6,0.4,13.6,24.8,,3.5,2.0,5.5,0.14,2.1,-0.6,1.5,1.7,33051724.0,Shot Creator,SF,1.58,1.32,0.26,4.7,2.08,1.82,0.25
240,Killian Hayes,207.0,19.0,16,364,4.7,0.406,0.327,0.08,1.2,9.3,5.2,27.9,2.0,1.4,27.3,19.2,,-1.0,0.3,-0.7,-0.094,-6.5,-1.0,-7.5,-0.5,5307120.0,Secondary Ball Handler,PG,-2.28,-1.8,-0.48,0.0,-1.83,-1.77,-0.06
241,Kristaps Porzingis,402.0,25.0,39,1224,21.5,0.579,0.382,0.211,7.0,25.0,16.1,8.7,0.8,4.3,6.9,26.8,,2.3,1.6,3.9,0.152,2.7,-0.7,2.1,1.3,29467800.0,Versatile Big,C,2.0,1.68,0.32,3.3,2.61,2.04,0.57
242,Kyle Anderson,11.0,27.0,56,1535,17.0,0.566,0.4,0.269,3.0,20.6,11.6,17.9,2.2,2.8,10.3,18.5,,2.1,2.2,4.4,0.137,1.1,1.7,2.8,1.8,9505100.0,Secondary Ball Handler,PF,1.76,0.26,1.5,3.9,2.24,0.47,1.77
243,Kyle Kuzma,275.0,25.0,57,1622,12.5,0.536,0.502,0.124,6.9,18.0,12.6,9.1,0.9,1.8,12.8,21.0,,0.0,2.5,2.5,0.073,-0.6,-0.7,-1.3,0.3,3562178.0,Movement Shooter,SF,-1.36,-1.18,-0.18,1.0,-0.42,-0.6,0.17
244,Kyle Lowry,295.0,34.0,42,1457,15.8,0.582,0.546,0.276,2.4,15.5,8.8,31.3,1.4,0.8,16.4,21.3,,2.3,1.2,3.5,0.117,1.3,-0.8,0.6,0.9,30000000.0,Primary Ball Handler,PG,0.38,0.18,0.2,2.5,0.96,1.19,-0.23
245,Kyrie Irving,237.0,28.0,44,1550,24.5,0.61,0.338,0.206,3.5,11.8,7.8,30.0,1.9,1.5,10.1,30.5,,4.9,1.3,6.2,0.191,5.6,-0.6,5.0,2.7,33329100.0,Shot Creator,PG,3.42,4.36,-0.93,5.5,3.47,4.33,-0.86
246,LaMarcus Aldridge,5.0,35.0,17,449,16.366666666666667,0.5706666666666665,0.22533333333333339,0.17200000000000001,2.6666666666666665,16.366666666666667,9.633333333333333,11.899999999999999,0.8666666666666666,4.666666666666667,8.9,21.633333333333336,,0.3333333333333333,0.5000000000000001,0.8000000000000002,0.09966666666666668,-0.19999999999999998,0.16666666666666666,-0.03333333333333329,0.13333333333333333,19078340.0,Versatile Big,C,-0.72,-0.59,-0.13,0.7,-0.33,-0.24,-0.09
247,LaMarcus Aldridge,5.0,35.0,17,449,16.366666666666667,0.5706666666666665,0.22533333333333339,0.17200000000000001,2.6666666666666665,16.366666666666667,9.633333333333333,11.899999999999999,0.8666666666666666,4.666666666666667,8.9,21.633333333333336,,0.3333333333333333,0.5000000000000001,0.8000000000000002,0.09966666666666668,-0.19999999999999998,0.16666666666666666,-0.03333333333333329,0.13333333333333333,19078340.0,Versatile Big,C,-0.72,-0.59,-0.13,0.7,-0.33,-0.24,-0.09
248,LaMelo Ball,26.0,19.0,41,1174,18.6,0.562,0.411,0.234,5.0,17.5,11.1,34.1,2.7,1.2,16.5,25.5,,1.4,1.5,2.9,0.118,1.9,0.8,2.7,1.4,7839960.0,Primary Ball Handler,PG,-0.28,0.33,-0.61,1.6,0.95,1.13,-0.18
249,Landry Shamet,441.0,23.0,49,1072,10.7,0.584,0.728,0.172,1.0,7.8,4.5,8.9,1.1,0.4,9.4,17.7,,1.0,0.5,1.4,0.064,-0.9,-1.6,-2.5,-0.1,2090040.0,Movement Shooter,SG,-1.61,0.02,-1.64,0.4,-0.9,0.52,-1.42
250,Langston Galloway,164.0,29.0,35,381,12.5,0.629,0.582,0.139,1.5,8.7,5.2,8.6,1.0,0.0,8.5,16.5,,0.6,0.3,0.9,0.113,0.3,-0.6,-0.3,0.2,2028594.0,Stationary Shooter,SG,-1.75,-0.65,-1.1,0.1,-2.13,-0.7,-1.43
251,Lauri Markkanen,305.0,23.0,40,1072,15.2,0.616,0.553,0.183,3.0,19.0,11.1,5.0,0.8,1.0,8.3,20.5,,1.4,0.9,2.3,0.104,1.4,-1.6,-0.2,0.5,6731508.0,Stretch Big,PF,-0.59,-0.01,-0.58,1.1,0.01,0.36,-0.35
252,LeBron James,245.0,36.0,41,1388,24.6,0.605,0.352,0.316,2.0,23.8,13.0,41.7,1.5,1.5,15.0,31.8,,3.0,2.5,5.5,0.19,6.1,1.7,7.8,3.4,39219565.0,Shot Creator,PG,5.28,3.93,1.35,6.9,4.22,3.24,0.97
253,Lonzo Ball,27.0,23.0,46,1432,15.3,0.558,0.651,0.086,1.9,12.6,7.3,25.3,2.2,1.7,13.9,19.9,,1.6,1.1,2.8,0.092,1.5,0.0,1.5,1.3,11003782.0,Primary Ball Handler,PG,1.36,1.59,-0.23,3.3,1.49,1.29,0.2
254,Lou Williams,511.0,34.0,37,815,14.200000000000001,0.5223333333333333,0.26033333333333336,0.25733333333333336,1.5666666666666664,7.4333333333333345,4.566666666666666,22.099999999999998,1.7,0.3666666666666667,12.266666666666666,25.8,,0.4666666666666666,0.6666666666666666,1.133333333333333,0.05733333333333335,-1.0999999999999999,-1.8999999999999997,-2.966666666666667,-0.13333333333333333,8000000.0,Slasher,PG,-1.43,0.07,-1.51,0.7,-0.32,0.69,-1.0
255,Luguentz Dort,127.0,21.0,46,1366,10.9,0.526,0.513,0.252,2.4,10.6,6.5,8.3,1.5,1.2,10.0,21.3,,-0.3,1.0,0.7,0.025,-2.4,-0.7,-3.1,-0.4,1517981.0,Stationary Shooter,SG,-1.51,-0.77,-0.74,0.7,-2.07,-1.5,-0.56
256,Luka Doncic,126.0,21.0,54,1898,25.8,0.591,0.399,0.352,2.5,22.0,12.4,44.5,1.4,1.7,15.1,35.8,,4.5,2.2,6.7,0.17,6.5,0.8,7.3,4.5,8049360.0,Shot Creator,PG,3.86,4.68,-0.82,7.3,4.23,4.68,-0.45
257,Luke Kennard,267.0,24.0,56,1115,12.8,0.612,0.539,0.078,1.4,13.6,7.7,11.7,0.9,0.7,10.5,17.0,,1.5,0.9,2.5,0.106,0.4,-0.9,-0.5,0.4,5273826.0,Movement Shooter,SG,-2.5,-0.71,-1.79,-0.1,-0.65,-0.17,-0.47
258,Luke Kornet,273.0,25.0,15,147,11.700000000000001,0.48466666666666675,0.7216666666666667,0.09766666666666668,3.3333333333333335,17.5,10.466666666666667,8.233333333333333,0.4666666666666666,7.333333333333333,4.166666666666667,13.800000000000002,,0.06666666666666667,0.19999999999999998,0.26666666666666666,0.07866666666666666,-0.3,0.8333333333333335,0.5333333333333333,0.09999999999999999,2304878.0,Stretch Big,PF-C,0.4,-0.21,0.61,0.4,0.08,-0.18,0.26
259,Malachi Flynn,153.0,22.0,35,586,9.6,0.451,0.476,0.126,1.3,12.0,6.5,21.9,2.1,0.9,11.0,18.0,,-0.3,0.5,0.3,0.023,-3.5,-0.1,-3.6,-0.2,1950600.0,Secondary Ball Handler,PG,-1.29,-1.37,0.07,0.4,-1.03,-0.73,-0.31
260,Malcolm Brogdon,68.0,28.0,53,1860,18.2,0.562,0.378,0.177,3.4,13.0,8.2,26.1,1.3,0.6,9.6,25.9,,3.0,1.3,4.3,0.111,3.1,-1.3,1.7,1.7,20700000.0,Primary Ball Handler,PG,1.04,1.73,-0.69,3.9,0.46,1.8,-1.34
261,Malik Beasley,39.0,24.0,37,1214,14.8,0.57,0.535,0.133,2.4,12.5,7.3,11.8,1.2,0.5,8.6,24.1,,0.9,0.3,1.3,0.05,1.7,-2.3,-0.6,0.4,13325895.0,Movement Shooter,SG,-0.75,0.47,-1.22,1.3,-1.14,0.41,-1.55
262,Malik Monk,340.0,22.0,32,694,15.2,0.598,0.512,0.202,1.9,11.6,6.7,14.3,1.1,0.6,11.8,24.7,,0.6,0.4,1.0,0.072,1.0,-2.0,-1.1,0.2,5345687.0,Movement Shooter,SG,-0.7,0.6,-1.3,0.7,-1.31,0.37,-1.67
263,Marc Gasol,166.0,36.0,45,878,12.0,0.592,0.617,0.256,4.5,18.9,11.8,14.3,1.3,5.5,20.6,12.5,,0.5,1.7,2.3,0.125,-1.5,3.1,1.6,0.8,2564753.0,Stretch Big,C,0.97,-1.54,2.51,1.9,1.04,-1.59,2.64
264,Marcus Smart,449.0,26.0,40,1306,14.9,0.555,0.553,0.336,2.6,9.3,5.9,23.3,2.2,1.4,12.9,18.5,,2.1,1.3,3.4,0.123,0.3,0.2,0.5,0.8,13446428.0,Primary Ball Handler,PG,0.68,0.52,0.16,2.5,1.53,1.27,0.26
265,Markelle Fultz,160.0,22.0,8,215,12.1,0.458,0.154,0.183,2.3,10.1,6.1,32.9,1.8,0.9,13.8,26.2,,-0.2,0.2,-0.1,-0.02,-2.9,-1.7,-4.6,-0.1,12288697.0,Slasher,PG,-0.34,-0.32,-0.01,0.3,-0.2,-0.33,0.13
266,Markieff Morris,345.0,31.0,52,1071,10.0,0.536,0.572,0.129,4.6,20.1,12.4,7.9,0.8,1.4,12.2,16.3,,0.1,1.6,1.7,0.078,-2.3,-0.1,-2.4,-0.1,2331593.0,Stretch Big,PF,-1.53,-1.8,0.28,0.5,-0.62,-1.23,0.62
267,Marquese Chriss,96.0,23.0,2,27,11.9,0.412,0.357,0.286,11.9,39.1,25.6,11.1,0.0,6.6,11.3,28.1,,-0.1,0.1,0.0,-0.032,-2.2,-1.0,-3.2,0.0,1824003.0,Stretch Big,PF,-0.56,-0.31,-0.25,0.0,-0.42,-0.09,-0.33
268,Mason Plumlee,392.0,30.0,54,1453,18.6,0.635,0.019,0.459,10.6,28.4,19.4,20.7,1.4,2.8,18.7,16.2,,2.9,2.0,4.9,0.163,0.2,1.7,1.9,1.4,8000000.0,Roll + Cut Big,C,-0.01,-0.81,0.8,2.1,0.39,-0.89,1.28
269,Matisse Thybulle,471.0,23.0,57,1145,9.8,0.5,0.59,0.076,2.8,8.0,5.5,6.1,3.7,4.5,10.0,9.0,,0.1,2.2,2.4,0.099,-2.8,4.1,1.3,0.9,2711280.0,Stationary Shooter,SG,0.61,-1.69,2.3,2.0,-0.08,-2.37,2.29
270,Matt Thomas,468.0,26.0,23,175,5.033333333333333,0.4573333333333333,0.65,0.06233333333333333,2.3333333333333335,11.6,6.966666666666666,8.133333333333333,0.6000000000000001,0.0,10.566666666666668,19.133333333333336,,-0.16666666666666666,0.13333333333333333,-0.06666666666666667,-0.03766666666666667,-5.333333333333333,-2.8333333333333335,-8.166666666666666,-0.19999999999999998,1517981.0,Movement Shooter,SG,-1.57,-0.54,-1.03,0.1,-1.53,-0.58,-0.95
271,Matthew Dellavedova,119.0,30.0,12,206,7.5,0.294,0.431,0.078,3.2,9.5,6.3,37.0,1.0,0.0,10.2,12.5,,-0.1,0.1,0.0,0.006,-4.6,-2.1,-6.7,-0.2,2174318.0,Secondary Ball Handler,PG,-0.42,-0.13,-0.29,0.2,-0.43,-0.17,-0.25
272,Maurice Harkless,196.0,27.0,17,294,7.7,0.5596666666666666,0.6286666666666666,0.21933333333333335,2.4000000000000004,10.133333333333333,6.233333333333333,6.866666666666666,1.5333333333333332,2.6666666666666665,13.0,9.600000000000001,,0.16666666666666666,0.13333333333333333,0.3333333333333333,0.051333333333333335,-3.033333333333333,-0.03333333333333335,-3.0666666666666664,-0.06666666666666667,3623000.0,Stretch Big,PF-SF,-1.56,-1.71,0.15,0.2,-1.05,-1.46,0.41
273,Maxi Kleber,268.0,29.0,43,1193,10.4,0.601,0.77,0.146,3.8,17.3,10.7,6.5,1.0,2.5,9.9,10.5,,1.3,1.2,2.5,0.101,-0.9,0.1,-0.8,0.4,8250000.0,Stretch Big,PF,-0.65,-1.44,0.79,1.3,-0.38,-1.14,0.76
274,Meyers Leonard,286.0,28.0,3,29,6.6,0.635,1.0,0.286,0.0,26.7,13.7,10.0,0.0,0.0,20.2,15.4,,0.0,0.0,0.0,0.042,-3.5,-0.9,-4.4,0.0,9400000.0,Stretch Big,C,-0.21,-0.3,0.09,0.0,-0.19,-0.19,0.0
275,Mfiondu Kabengele,264.0,23.0,18,79,4.966666666666667,0.46833333333333327,0.6526666666666666,0.268,0.7333333333333334,18.633333333333336,9.700000000000001,6.3999999999999995,2.3,1.7,14.666666666666666,16.46666666666667,,-0.16666666666666666,0.06666666666666667,-0.03333333333333334,-0.003999999999999994,-8.966666666666667,0.6,-8.366666666666667,-0.13333333333333333,2075880.0,Stretch Big,PF,-1.1,-0.68,-0.42,0.1,-0.56,-0.41,-0.15
276,Mikal Bridges,65.0,24.0,59,1916,15.7,0.646,0.466,0.191,3.9,11.2,7.7,9.1,1.4,2.4,7.3,14.9,,4.0,2.3,6.3,0.159,1.8,0.7,2.5,2.2,4359000.0,Stationary Shooter,SF,1.33,0.39,0.93,4.4,1.53,0.5,1.03
277,Mike Conley,103.0,33.0,48,1428,19.0,0.589,0.53,0.217,2.5,9.0,5.9,30.1,2.3,0.5,12.4,22.8,,3.7,2.0,5.7,0.193,3.4,0.8,4.1,2.2,34504132.0,Primary Ball Handler,PG,3.3,2.19,1.11,5.0,2.65,2.71,-0.06
278,Mike Muscala,350.0,29.0,35,645,14.8,0.599,0.689,0.135,3.1,18.3,10.7,7.0,0.6,1.5,6.9,20.2,,0.9,0.5,1.3,0.099,0.8,-1.2,-0.3,0.3,2283034.0,Stretch Big,C,-0.05,0.09,-0.14,1.0,-0.8,-0.16,-0.64
279,Mike Scott,439.0,32.0,41,721,6.7,0.513,0.766,0.07,1.4,14.4,8.0,5.3,1.4,0.9,9.3,11.6,,0.0,0.9,0.9,0.057,-3.2,0.2,-3.0,-0.2,5005350.0,Stationary Shooter,PF,-2.42,-2.34,-0.08,0.0,-1.93,-1.96,0.03
280,Miles Bridges,66.0,22.0,59,1677,14.1,0.626,0.47,0.18,4.7,18.7,11.6,10.7,1.2,2.6,15.0,16.7,,1.8,1.6,3.4,0.099,-0.2,-0.1,-0.3,0.7,3934320.0,Stretch Big,PF,-0.76,-0.69,-0.08,1.6,-1.51,-1.34,-0.17
281,Mitchell Robinson,425.0,22.0,31,853,17.7,0.642,0.0,0.301,14.5,17.5,16.0,2.9,2.1,5.1,11.5,11.7,,1.8,1.6,3.4,0.191,-0.3,1.1,0.9,0.6,1663861.0,Roll + Cut Big,C,0.3,-1.32,1.62,1.5,0.29,-1.39,1.68
282,Miye Oni,376.0,23.0,44,400,6.0,0.513,0.882,0.071,5.2,12.8,9.2,5.1,0.7,1.6,14.6,11.1,,0.0,0.5,0.5,0.065,-3.6,0.4,-3.2,-0.1,1517981.0,Stationary Shooter,SG,-2.46,-1.87,-0.6,0.0,-2.49,-1.91,-0.58
283,Mo Bamba,28.0,22.0,35,457,19.1,0.558,0.391,0.178,11.0,27.4,18.9,6.7,0.6,7.1,9.5,22.8,,0.4,0.6,1.0,0.11,0.0,-0.3,-0.3,0.2,5969040.0,Stretch Big,C,0.85,-0.38,1.23,0.9,0.95,-0.44,1.39
284,Monte Morris,346.0,25.0,44,1151,13.8,0.572,0.356,0.195,1.1,8.2,4.7,16.5,1.3,1.1,7.5,16.3,,1.9,0.7,2.7,0.111,0.1,-1.1,-1.0,0.3,1663861.0,Secondary Ball Handler,PG,-0.67,0.11,-0.78,1.3,-0.62,0.07,-0.69
285,Montrezl Harrell,198.0,27.0,59,1416,22.5,0.648,0.019,0.401,11.3,19.3,15.3,7.6,1.4,2.7,9.4,21.5,,4.0,2.5,6.5,0.221,2.3,0.3,2.7,1.7,9258000.0,Post Scorer,C,1.27,0.39,0.88,3.3,1.22,0.52,0.71
286,Moritz Wagner,492.0,23.0,23,291,9.166666666666666,0.5253333333333333,0.3753333333333333,0.322,4.366666666666666,21.599999999999998,13.0,12.166666666666666,1.6666666666666667,1.7,22.066666666666666,17.833333333333332,,0.20000000000000004,0.4000000000000001,0.5666666666666665,0.028666666666666677,-4.766666666666667,0.3,-4.5,0.03333333333333334,2161920.0,Stretch Big,C,0.22,-0.67,0.89,0.7,0.33,-0.62,0.95
287,Moses Brown,73.0,21.0,31,628,18.8,0.574,0.0,0.505,16.9,25.7,21.3,1.2,1.5,4.6,11.7,17.5,,0.9,0.9,1.9,0.141,-1.2,-1.6,-2.8,-0.1,495102.0,Roll + Cut Big,C,-0.96,-1.44,0.48,0.5,-0.03,-1.17,1.14
288,Mychal Mulder,347.0,26.0,48,494,8.9,0.578,0.84,0.127,0.4,7.5,4.0,5.0,0.9,1.6,5.4,14.5,,0.2,0.4,0.6,0.056,-2.2,-1.2,-3.4,-0.2,1517981.0,Movement Shooter,PG,-1.83,-0.91,-0.92,0.1,-1.73,-0.9,-0.82
289,Myles Turner,482.0,24.0,47,1455,15.5,0.599,0.477,0.329,4.7,18.4,11.5,4.5,1.3,9.0,11.9,16.5,,1.2,2.3,3.4,0.113,-1.3,1.7,0.4,0.9,18000000.0,Stretch Big,C,1.54,-1.58,3.11,3.7,1.6,-1.1,2.7
290,Nassir Little,290.0,20.0,39,558,12.6,0.603,0.51,0.276,5.6,16.8,11.0,5.0,0.4,2.1,7.9,13.6,,0.9,0.2,1.1,0.095,-0.5,-1.9,-2.4,-0.1,2210640.0,Stationary Shooter,PF,-2.12,-1.2,-0.92,0.1,-1.81,-1.35,-0.45
291,Naz Reid,414.0,21.0,59,1135,18.3,0.598,0.289,0.3,6.1,20.4,12.9,9.1,1.3,4.7,9.6,22.5,,1.6,1.0,2.6,0.112,-0.2,-0.4,-0.6,0.4,1517981.0,Stretch Big,C,-0.48,-0.93,0.45,1.3,-0.24,-0.59,0.35
292,Nemanja Bjelica,49.0,32.0,23,351,10.1,0.5093333333333334,0.49300000000000005,0.22133333333333335,4.166666666666667,19.400000000000002,11.799999999999999,15.100000000000001,0.9666666666666668,1.1666666666666667,12.899999999999999,17.46666666666667,,0.19999999999999996,0.13333333333333333,0.3,0.03566666666666666,-3.4,-1.1666666666666667,-4.533333333333333,-0.13333333333333333,7150000.0,Stretch Big,PF,-0.76,0.24,-1.0,0.5,-0.98,-0.37,-0.61
293,Nerlens Noel,358.0,26.0,54,1283,15.0,0.637,0.011,0.311,10.6,19.2,14.9,4.2,2.1,8.9,21.5,9.5,,1.3,2.9,4.2,0.158,-2.4,3.4,0.9,0.9,5000000.0,Roll + Cut Big,C,-1.26,-3.57,2.32,0.8,0.29,-2.97,3.26
294,Nick Richards,416.0,23.0,16,59,6.0,0.633,0.0,1.571,3.7,13.1,8.3,4.4,0.0,0.0,20.2,10.8,,0.0,0.0,0.1,0.043,-5.6,-2.0,-7.6,-0.1,1000000.0,Roll + Cut Big,PF,-1.12,-0.67,-0.44,0.0,-0.84,-0.66,-0.18
295,Nicolas Batum,34.0,32.0,58,1648,12.9,0.613,0.658,0.14,3.3,15.9,9.8,10.7,1.9,1.7,11.3,11.9,,2.4,2.1,4.5,0.13,0.4,0.8,1.2,1.3,11608231.0,Stationary Shooter,SF,0.88,-0.71,1.58,3.3,1.33,0.14,1.19
296,Nicolas Batum,34.0,32.0,58,1648,12.9,0.613,0.658,0.14,3.3,15.9,9.8,10.7,1.9,1.7,11.3,11.9,,2.4,2.1,4.5,0.13,0.4,0.8,1.2,1.3,11608231.0,Stationary Shooter,SF,0.88,-0.71,1.58,3.3,1.33,0.14,1.19
297,Nicolas Claxton,100.0,21.0,25,462,16.7,0.585,0.042,0.383,8.8,20.5,15.0,7.9,2.0,5.7,9.1,14.5,,0.7,0.7,1.4,0.147,-0.6,1.1,0.5,0.3,1517981.0,Roll + Cut Big,C,1.89,-0.43,2.32,1.3,0.9,-0.85,1.75
298,Nikola Jokic,256.0,25.0,60,2115,31.1,0.644,0.183,0.274,9.5,25.5,17.6,41.2,1.9,1.8,13.3,29.1,,10.4,2.8,13.1,0.298,9.1,2.4,11.5,7.2,28542009.0,Post Scorer,C,6.36,6.03,0.33,11.0,5.74,5.19,0.55
299,Nikola Vucevic,490.0,30.0,41,1361,23.933333333333337,0.578,0.309,0.11766666666666666,6.533333333333334,29.8,17.96666666666667,20.96666666666667,1.4333333333333333,1.8666666666666665,7.833333333333333,28.900000000000002,,2.3333333333333335,1.7,4.066666666666666,0.1506666666666667,5.466666666666666,0.26666666666666666,5.733333333333333,2.6666666666666665,26000000.0,Versatile Big,C,0.45,0.52,-0.06,3.5,1.82,1.52,0.3
300,Noah Vonleh,489.0,25.0,4,11,-19.0,0.0,0.667,0.0,0.0,9.7,5.1,10.2,0.0,0.0,40.0,19.8,,-0.1,0.0,-0.1,-0.486,-20.9,-8.9,-29.9,-0.1,263995.0,Stationary Shooter,PF,-0.52,-0.09,-0.43,0.0,-0.4,0.0,-0.4
301,Norman Powell,404.0,27.0,38,1195,16.23333333333333,0.6153333333333333,0.4556666666666666,0.3006666666666667,2.033333333333333,8.4,5.1000000000000005,9.033333333333333,1.9666666666666668,0.7666666666666666,10.766666666666667,22.900000000000002,,1.8666666666666665,0.7666666666666667,2.6666666666666665,0.09833333333333331,0.7999999999999999,-0.6333333333333333,0.1666666666666667,0.7333333333333333,10865952.0,Movement Shooter,SG-SF,-1.79,-0.42,-1.37,0.6,-0.3,0.58,-0.89
302,Norvel Pelle,389.0,27.0,4,29,15.999999999999998,0.55875,0.0,1.25,13.449999999999998,14.625000000000002,14.15,7.5,0.7000000000000001,7.499999999999999,11.75,16.675,,-2.3129646346357427e-18,0.049999999999999996,0.049999999999999996,0.153,-1.2500000000000004,0.5499999999999998,-0.6750000000000002,-2.3129646346357427e-18,717845.0,Roll + Cut Big,C,-0.39,-0.1,-0.29,0.1,-0.45,-0.14,-0.3
303,Norvel Pelle,389.0,27.0,4,29,15.999999999999998,0.55875,0.0,1.25,13.449999999999998,14.625000000000002,14.15,7.5,0.7000000000000001,7.499999999999999,11.75,16.675,,-2.3129646346357427e-18,0.049999999999999996,0.049999999999999996,0.153,-1.2500000000000004,0.5499999999999998,-0.6750000000000002,-2.3129646346357427e-18,717845.0,Roll + Cut Big,C,-0.39,-0.1,-0.29,0.1,-0.45,-0.14,-0.3
304,OG Anunoby,17.0,23.0,39,1294,15.0,0.608,0.519,0.208,4.3,14.5,9.3,9.3,2.3,2.2,12.4,18.8,,1.3,1.5,2.8,0.104,0.4,0.3,0.7,0.9,3872215.0,Stationary Shooter,SF,0.33,-0.8,1.13,2.2,0.05,-0.43,0.48
305,Obi Toppin,475.0,22.0,51,565,11.7,0.562,0.415,0.129,4.1,17.9,11.0,6.4,1.1,1.9,10.4,15.8,,0.3,0.8,1.1,0.094,-2.1,0.1,-2.0,0.0,4862040.0,Stretch Big,PF,-1.78,-1.43,-0.34,0.2,-1.55,-1.56,0.02
306,Onyeka Okongwu,371.0,20.0,38,426,15.3,0.631,0.02,0.455,10.5,19.1,14.8,3.0,1.9,5.0,13.2,14.0,,0.7,0.6,1.3,0.142,-3.0,0.8,-2.2,0.0,5813640.0,Roll + Cut Big,C,-0.92,-1.64,0.72,0.3,-0.46,-1.88,1.41
307,Oshae Brissett,67.0,22.0,8,130,20.5,0.67,0.475,0.4,10.0,16.1,13.0,4.3,1.5,3.2,4.1,16.1,,0.4,0.1,0.5,0.199,2.5,-0.3,2.1,0.1,557453.0,Athletic Finisher,SF,-0.64,-0.22,-0.42,0.0,-0.78,-0.24,-0.54
308,Oshae Brissett,67.0,22.0,8,130,20.5,0.67,0.475,0.4,10.0,16.1,13.0,4.3,1.5,3.2,4.1,16.1,,0.4,0.1,0.5,0.199,2.5,-0.3,2.1,0.1,557453.0,Athletic Finisher,SF,-0.64,-0.22,-0.42,0.0,-0.78,-0.24,-0.54
309,P.J. Tucker,480.0,35.0,27,742,5.8999999999999995,0.5,0.666,0.10866666666666665,4.6000000000000005,12.5,8.466666666666667,5.233333333333333,1.2333333333333334,1.5,15.0,7.3,,-0.0666666666666667,0.5333333333333333,0.46666666666666673,0.043000000000000003,-4.0,0.19999999999999998,-3.833333333333334,-0.4666666666666666,7969537.0,Athletic Finisher,PF,-3.23,-3.72,0.49,-0.6,-2.65,-3.23,0.58
310,P.J. Washington,498.0,22.0,52,1533,13.1,0.546,0.405,0.237,5.1,18.2,11.6,12.8,1.6,4.5,15.7,19.3,,0.1,1.9,2.0,0.062,-1.6,0.3,-1.2,0.3,4023600.0,Stretch Big,PF,-0.99,-2.29,1.3,1.3,-0.2,-1.28,1.08
311,Pascal Siakam,443.0,26.0,48,1715,18.1,0.552,0.262,0.335,5.0,17.6,11.1,21.4,1.5,2.0,10.2,25.7,,2.5,1.7,4.3,0.12,1.0,-0.2,0.8,1.2,29000000.0,Slasher,PF,2.67,1.79,0.88,5.4,1.11,1.02,0.08
312,Pat Connaughton,104.0,28.0,56,1294,12.0,0.598,0.688,0.109,4.7,17.2,11.2,6.6,1.4,1.3,7.4,11.8,,1.9,1.5,3.3,0.123,0.0,0.2,0.2,0.7,4938272.0,Athletic Finisher,SG,-0.11,-0.44,0.34,1.8,-0.14,-0.64,0.5
313,Patrick Beverley,43.0,32.0,31,726,12.8,0.598,0.658,0.216,4.3,12.6,8.6,11.7,1.8,2.9,11.5,14.3,,1.1,0.9,2.1,0.136,-0.3,0.9,0.6,0.5,13333333.0,Stationary Shooter,PG,0.76,-0.62,1.38,1.5,0.95,-0.26,1.21
314,Patrick McCaw,317.0,25.0,5,33,12.0,1.078,0.0,3.0,3.2,6.9,5.0,15.2,2.9,0.0,0.0,3.0,,0.1,0.0,0.1,0.212,-2.5,3.5,1.0,0.0,4000000.0,Low Minutes,SF,-0.93,-0.53,-0.4,0.0,-0.8,-0.5,-0.29
315,Patrick Patterson,383.0,31.0,33,472,11.5,0.596,0.684,0.12,3.7,11.3,7.6,6.2,1.3,1.5,7.3,14.1,,0.6,0.4,1.1,0.11,-0.1,0.1,0.0,0.2,3814768.0,Stretch Big,PF,-0.83,-0.56,-0.26,0.4,-0.96,-0.8,-0.16
316,Patrick Patterson,383.0,31.0,33,472,11.5,0.596,0.684,0.12,3.7,11.3,7.6,6.2,1.3,1.5,7.3,14.1,,0.6,0.4,1.1,0.11,-0.1,0.1,0.0,0.2,3814768.0,Stretch Big,PF,-0.83,-0.56,-0.26,0.4,-0.96,-0.8,-0.16
317,Patrick Williams,512.0,19.0,59,1663,10.2,0.561,0.268,0.214,3.6,14.9,9.3,6.6,1.5,2.0,14.6,14.6,,0.2,1.7,1.9,0.055,-2.8,-0.1,-2.9,-0.4,7068360.0,Athletic Finisher,PF,-3.43,-2.86,-0.57,-1.2,-1.19,-1.94,0.76
318,Patty Mills,335.0,32.0,56,1422,12.7,0.582,0.696,0.127,1.2,6.1,3.6,13.7,1.3,0.1,8.9,18.7,,1.5,0.9,2.4,0.081,0.7,-1.7,-1.0,0.4,13285714.0,Secondary Ball Handler,PG,-1.35,-0.02,-1.33,0.9,-1.68,0.02,-1.71
319,Paul George,168.0,30.0,46,1548,22.2,0.612,0.428,0.235,3.1,18.3,10.9,25.7,1.8,1.2,14.4,30.1,,3.4,1.9,5.3,0.164,4.9,-0.2,4.8,2.7,35450412.0,Shot Creator,SF,4.11,2.89,1.22,6.3,3.23,3.24,-0.01
320,Paul Millsap,336.0,35.0,47,997,16.3,0.579,0.372,0.263,7.5,18.4,12.9,10.9,1.9,3.2,10.7,17.7,,1.6,1.2,2.8,0.135,0.5,-0.1,0.4,0.6,10000000.0,Stretch Big,PF,0.39,-0.09,0.48,1.7,0.77,0.14,0.63
321,Paul Watson,501.0,26.0,27,297,10.9,0.649,0.78,0.098,1.4,15.6,8.3,8.2,1.0,1.0,9.5,13.7,,0.4,0.2,0.6,0.099,-0.7,-0.7,-1.4,0.0,1445697.0,Movement Shooter,SF,-2.18,-1.25,-0.93,0.0,-1.57,-1.2,-0.37
322,Payton Pritchard,406.0,23.0,54,1033,12.3,0.591,0.564,0.092,3.1,10.1,6.6,13.4,1.4,0.8,11.7,16.1,,1.4,0.8,2.1,0.1,-0.5,-0.6,-1.1,0.2,2035800.0,Secondary Ball Handler,SG,-1.18,-0.38,-0.81,0.7,-1.65,-0.8,-0.85
323,Precious Achiuwa,1.0,21.0,55,683,14.0,0.549,0.0,0.498,11.9,20.6,16.3,6.3,1.3,4.0,14.0,19.4,,0.2,1.0,1.3,0.088,-3.5,-0.8,-4.3,-0.4,2582160.0,Roll + Cut Big,PF,-1.34,-2.21,0.87,0.4,-0.79,-1.58,0.79
324,Quinn Cook,105.0,27.0,15,105,12.933333333333332,0.5373333333333333,0.3973333333333333,0.12699999999999997,1.2333333333333332,10.6,5.8999999999999995,17.466666666666665,1.2333333333333334,0.6666666666666666,9.0,21.8,,0.06666666666666667,0.09999999999999999,0.13333333333333333,0.071,-1.0666666666666667,-0.4333333333333334,-1.4666666666666666,0.0,1797183.0,Secondary Ball Handler,PG,-0.65,-0.22,-0.43,0.2,-0.52,-0.25,-0.27
325,Quinn Cook,105.0,27.0,15,105,12.933333333333332,0.5373333333333333,0.3973333333333333,0.12699999999999997,1.2333333333333332,10.6,5.8999999999999995,17.466666666666665,1.2333333333333334,0.6666666666666666,9.0,21.8,,0.06666666666666667,0.09999999999999999,0.13333333333333333,0.071,-1.0666666666666667,-0.4333333333333334,-1.4666666666666666,0.0,1797183.0,Secondary Ball Handler,PG,-0.65,-0.22,-0.43,0.2,-0.52,-0.25,-0.27
326,R.J. Hampton,193.0,19.0,26,367,8.866666666666667,0.48733333333333334,0.294,0.2036666666666667,3.8333333333333335,17.866666666666664,10.733333333333333,9.333333333333334,1.4666666666666666,1.0,14.033333333333333,17.766666666666666,,-0.3333333333333333,0.3333333333333333,0.0,0.0026666666666666674,-4.4,-1.1,-5.533333333333334,-0.3333333333333333,2193480.0,Secondary Ball Handler,PG-SG,-2.62,-1.62,-1.0,-0.1,-1.76,-1.61,-0.14
327,RJ Barrett,31.0,20.0,61,2098,13.7,0.536,0.269,0.271,3.3,14.7,9.0,13.7,1.1,0.7,11.0,23.7,,0.9,2.5,3.5,0.079,-1.1,-0.5,-1.6,0.2,8231760.0,Slasher,SG,-1.33,-0.66,-0.67,1.3,-0.64,-0.83,0.19
328,Rajon Rondo,427.0,34.0,24,379,12.6,0.5216666666666666,0.4033333333333333,0.09200000000000001,2.6999999999999997,12.066666666666665,7.466666666666666,34.73333333333334,2.233333333333333,0.4666666666666666,24.433333333333334,16.833333333333336,,0.10000000000000002,0.4000000000000001,0.4666666666666666,0.077,-1.0333333333333334,0.13333333333333333,-0.9333333333333332,0.03333333333333333,7500000.0,Secondary Ball Handler,PG,-1.36,-1.43,0.08,0.3,-1.15,-0.84,-0.3
329,Raul Neto,355.0,28.0,53,1108,12.6,0.557,0.378,0.155,2.2,9.5,5.9,14.5,2.5,0.3,10.3,16.4,,0.8,1.1,1.9,0.083,-1.7,0.6,-1.1,0.3,1882867.0,Secondary Ball Handler,PG,-1.13,-1.3,0.16,0.8,-1.39,-1.2,-0.19
330,Rayjon Tucker,481.0,23.0,11,40,20.9,0.777,0.375,1.75,2.8,19.0,11.0,13.4,1.2,0.0,12.4,17.3,,0.2,0.0,0.2,0.289,0.5,1.6,2.1,0.0,340000.0,Secondary Ball Handler,PG,-0.58,0.01,-0.59,0.0,-0.87,-0.15,-0.72
331,Reggie Bullock,78.0,29.0,54,1558,10.9,0.599,0.704,0.084,0.8,11.7,6.3,7.4,1.3,0.6,7.5,14.3,,1.7,1.8,3.5,0.109,-1.0,0.6,-0.3,0.7,4200000.0,Movement Shooter,SF,-1.42,-1.26,-0.15,0.8,-0.69,-1.09,0.4
332,Reggie Jackson,243.0,30.0,58,1321,14.4,0.576,0.458,0.155,2.0,12.1,7.2,19.6,1.3,0.4,10.6,19.8,,2.2,1.2,3.3,0.121,0.5,-0.4,0.0,0.7,2331593.0,Primary Ball Handler,SG,0.45,0.69,-0.25,2.3,0.52,0.88,-0.35
333,Richaun Holmes,221.0,27.0,50,1499,20.3,0.674,0.022,0.298,9.3,24.1,16.6,8.0,1.1,4.6,10.4,16.7,,4.1,1.0,5.1,0.164,0.7,-0.2,0.5,1.0,5005350.0,Roll + Cut Big,C,1.82,0.87,0.96,4.1,0.54,-0.16,0.69
334,Ricky Rubio,431.0,30.0,57,1492,13.0,0.505,0.405,0.322,1.5,12.2,6.6,34.6,2.5,0.2,17.6,16.0,,1.2,0.9,2.2,0.07,-2.4,-0.3,-2.8,-0.3,17000000.0,Primary Ball Handler,PG,-0.13,0.14,-0.27,2.1,-0.51,-0.35,-0.16
335,Robert Covington,108.0,30.0,57,1829,11.7,0.567,0.693,0.121,2.6,20.3,11.1,7.1,2.3,3.4,12.0,11.9,,1.1,1.8,2.9,0.077,-1.4,1.2,-0.2,0.9,12138345.0,Movement Shooter,PF,1.42,-0.93,2.36,4.3,0.5,-0.9,1.39
336,Robin Lopez,293.0,32.0,59,1166,15.7,0.656,0.053,0.34,10.7,10.1,10.4,6.2,0.6,2.6,13.8,16.2,,2.2,0.8,3.0,0.123,-0.2,-1.4,-1.5,0.1,7300000.0,Post Scorer,C,-1.41,-1.24,-0.17,0.7,-2.45,-1.41,-1.04
337,Rodions Kurucs,274.0,22.0,10,62,8.25,0.52525,0.6342500000000001,0.1175,4.1499999999999995,16.650000000000002,10.500000000000002,11.950000000000001,2.85,1.925,22.0,14.375,,-0.14999999999999994,0.10000000000000002,-0.075,0.019,-5.224999999999999,2.325,-2.9249999999999994,-0.049999999999999996,1780152.0,Stretch Big,SF-PF,-0.81,-0.81,0.0,0.1,-0.48,-0.45,-0.02
338,Rodney Hood,222.0,28.0,32,589,5.866666666666667,0.466,0.4590000000000001,0.13066666666666665,2.3666666666666667,9.366666666666667,5.766666666666667,6.7,0.9333333333333332,1.0333333333333332,10.799999999999999,14.5,,-0.4666666666666666,0.13333333333333333,-0.3333333333333333,-0.015333333333333332,-4.933333333333334,-2.033333333333333,-6.933333333333333,-0.8000000000000002,10047450.0,Shot Creator,SF,-4.16,-2.87,-1.29,-1.1,-3.2,-2.13,-1.07
339,Rodney McGruder,325.0,29.0,16,194,16.1,0.619,0.343,0.114,4.5,8.1,6.3,13.6,2.0,0.4,8.7,18.1,,0.3,0.1,0.5,0.12,0.9,-0.2,0.7,0.1,5000000.0,Athletic Finisher,SG,-1.12,-0.29,-0.83,0.2,-1.29,-0.65,-0.64
340,Romeo Langford,278.0,21.0,11,177,3.2,0.35,0.333,0.091,6.3,9.5,7.9,5.6,1.1,1.6,16.9,10.1,,-0.2,0.1,-0.1,-0.021,-5.7,0.0,-5.7,-0.2,3631200.0,Athletic Finisher,SG,-1.2,-0.96,-0.24,0.1,-1.09,-0.7,-0.39
341,Rudy Gay,167.0,34.0,51,1106,14.1,0.522,0.431,0.164,3.4,20.9,12.0,10.2,1.6,2.3,8.7,23.2,,-0.1,1.5,1.4,0.062,-0.5,-0.2,-0.7,0.3,14000000.0,Stationary Shooter,PF,-0.41,-1.02,0.61,1.3,-0.34,-0.42,0.09
342,Rudy Gobert,174.0,28.0,59,1833,23.6,0.678,0.006,0.673,12.2,33.1,23.1,6.1,0.8,7.2,13.3,17.0,,5.2,4.4,9.5,0.25,2.0,2.5,4.6,3.1,26525281.0,Roll + Cut Big,C,6.29,1.32,4.96,9.7,5.11,1.09,4.02
343,Rui Hachimura,188.0,22.0,47,1492,10.9,0.54,0.223,0.269,2.9,16.0,9.5,6.7,1.2,0.2,9.4,18.0,,0.3,1.2,1.5,0.048,-2.3,-1.5,-3.7,-0.7,4692840.0,Roll + Cut Big,PF,-0.97,-1.64,0.67,1.3,-1.8,-1.66,-0.14
344,Russell Westbrook,503.0,32.0,52,1852,18.4,0.504,0.217,0.333,4.9,28.0,16.5,47.9,1.7,0.8,18.8,31.2,,-0.6,2.5,1.8,0.048,1.9,0.4,2.3,2.0,41358814.0,Shot Creator,PG,2.16,1.35,0.81,5.2,1.46,1.32,0.14
345,Ryan Arcidiacono,18.0,26.0,35,383,9.1,0.509,0.576,0.162,1.5,15.0,8.3,16.1,1.0,0.0,6.2,12.8,,0.4,0.3,0.6,0.081,-3.3,0.0,-3.3,-0.1,3000000.0,Movement Shooter,PG,-1.62,-1.24,-0.37,0.2,-0.83,-0.76,-0.07
346,Saddiq Bey,44.0,21.0,59,1527,12.3,0.569,0.675,0.212,2.5,15.5,8.9,7.3,1.4,0.5,7.4,18.1,,1.4,1.2,2.6,0.081,0.1,-1.1,-1.0,0.4,2689920.0,Movement Shooter,SF,-2.04,-0.79,-1.25,0.2,-1.18,-0.38,-0.81
347,Sam Merrill,331.0,24.0,27,199,13.7,0.659,0.661,0.065,3.3,10.7,7.1,13.0,1.2,0.4,13.6,15.5,,0.4,0.2,0.5,0.132,0.7,-0.7,0.1,0.1,898310.0,Movement Shooter,SG,-1.53,-0.92,-0.61,0.1,-1.12,-0.49,-0.62
348,Sekou Doumbouya,130.0,20.0,47,626,5.3,0.441,0.449,0.214,4.2,13.7,8.9,7.4,1.6,0.7,14.0,17.3,,-0.9,0.5,-0.4,-0.033,-6.2,-1.9,-8.0,-0.9,3449400.0,Stretch Big,PF,-3.64,-2.18,-1.46,-0.5,-3.0,-2.4,-0.61
349,Semi Ojeleye,367.0,26.0,50,876,8.3,0.561,0.725,0.16,3.4,13.4,8.4,5.2,0.8,0.0,8.5,11.5,,0.7,0.6,1.3,0.069,-1.4,-1.2,-2.6,-0.1,1752950.0,Stationary Shooter,PF,-2.71,-1.64,-1.07,-0.2,-2.22,-1.35,-0.87
350,Serge Ibaka,232.0,31.0,39,919,17.6,0.582,0.311,0.13,8.5,22.9,15.9,10.8,0.5,4.4,10.7,19.7,,1.5,1.2,2.7,0.141,1.0,-0.5,0.4,0.6,9258000.0,Stretch Big,C,1.16,-0.2,1.36,2.1,1.71,0.56,1.15
351,Seth Curry,112.0,30.0,47,1357,11.8,0.577,0.486,0.145,0.7,7.1,4.0,13.9,1.3,0.5,10.4,17.4,,1.4,1.3,2.7,0.094,-0.7,-1.2,-1.9,0.0,7813953.0,Secondary Ball Handler,SG,-0.19,-0.39,0.2,1.8,-0.6,-0.5,-0.1
352,Shake Milton,337.0,24.0,52,1248,14.0,0.547,0.301,0.264,2.6,7.9,5.3,19.2,1.3,0.9,12.7,25.1,,0.7,1.3,2.0,0.076,-1.3,-1.4,-2.6,-0.2,1701593.0,Slasher,SG,-1.38,-0.42,-0.97,0.7,-1.06,0.0,-1.05
353,Shaquille Harrison,203.0,27.0,15,82,7.733333333333333,0.4586666666666666,0.08933333333333333,0.19633333333333333,3.733333333333333,7.866666666666667,5.866666666666666,12.433333333333332,3.1,0.0,15.766666666666666,15.533333333333331,,-0.06666666666666667,0.13333333333333333,0.06666666666666667,0.017,-6.0,0.6333333333333333,-5.400000000000001,-0.06666666666666667,770433.0,Slasher,SG,-1.93,-0.68,-1.25,0.0,-1.22,-0.24,-0.98
354,Sindarius Thornwell,470.0,26.0,14,73,4.5,0.388,0.429,0.095,1.5,6.0,3.8,7.0,3.3,1.3,15.5,15.0,,-0.2,0.1,-0.1,-0.062,-6.1,0.1,-5.9,-0.1,747435.0,Athletic Finisher,SG,-0.11,-0.56,0.45,0.1,-0.65,-0.74,0.09
355,Solomon Hill,214.0,29.0,59,1250,7.0,0.511,0.725,0.132,3.0,11.2,7.2,6.0,1.7,0.7,11.4,10.7,,0.1,0.9,1.1,0.041,-2.9,0.2,-2.7,-0.2,2174318.0,Stationary Shooter,PF,-2.44,-1.27,-1.17,-0.1,-2.2,-1.82,-0.38
356,Spencer Dinwiddie,124.0,27.0,3,64,10.2,0.536,0.438,0.375,0.0,21.7,11.3,17.6,1.5,1.4,21.2,16.1,,0.0,0.1,0.1,0.046,-3.4,2.0,-1.4,0.0,11454048.0,Secondary Ball Handler,SG,-0.08,-0.17,0.09,0.1,-0.27,-0.07,-0.2
357,Stanley Johnson,254.0,24.0,50,730,8.5,0.532,0.592,0.197,3.2,14.7,8.8,11.2,2.5,2.2,19.6,11.8,,-0.1,0.9,0.8,0.055,-3.7,1.2,-2.5,-0.1,3801000.0,Stationary Shooter,PF,-2.59,-3.04,0.45,-0.1,-1.79,-2.53,0.74
358,Stephen Curry,113.0,32.0,52,1770,26.3,0.66,0.575,0.288,1.5,15.9,8.7,31.0,1.6,0.3,12.3,33.7,,5.6,2.0,7.5,0.204,8.1,0.1,8.2,4.6,43006362.0,Primary Ball Handler,PG,4.78,5.58,-0.8,7.8,3.47,4.61,-1.15
359,Sterling Brown,74.0,25.0,51,1229,11.2,0.597,0.642,0.093,3.2,16.8,9.7,8.5,1.5,0.9,10.5,13.5,,1.0,1.0,2.0,0.077,-1.7,0.0,-1.7,0.1,1678854.0,Stationary Shooter,SG,-2.34,-1.93,-0.41,0.0,-2.4,-1.95,-0.45
360,Steven Adams,3.0,27.0,56,1568,15.5,0.602,0.01,0.439,15.0,20.4,17.7,9.0,1.6,2.2,17.7,11.9,,2.4,1.4,3.8,0.117,-0.2,-0.5,-0.8,0.5,27528090.0,Roll + Cut Big,C,0.67,-0.48,1.15,3.0,-0.24,-0.77,0.53
361,T.J. McConnell,319.0,28.0,56,1442,17.1,0.59,0.091,0.102,3.2,12.3,7.7,35.2,3.3,1.1,21.0,14.7,,2.3,1.8,4.0,0.134,0.1,1.8,1.9,1.4,3500000.0,Slasher,PG,0.36,0.27,0.09,2.4,-0.02,-0.36,0.33
362,T.J. Warren,497.0,27.0,4,117,11.8,0.56,0.137,0.196,1.9,11.3,6.5,6.6,0.8,0.0,6.7,21.7,,0.1,0.1,0.1,0.047,-3.0,-2.5,-5.5,-0.1,11750000.0,Secondary Ball Handler,SF,-0.67,-0.36,-0.3,0.1,-1.15,-0.56,-0.59
363,Taj Gibson,169.0,35.0,34,691,15.6,0.645,0.122,0.391,12.0,17.1,14.6,5.1,1.9,4.6,12.9,9.9,,1.4,1.3,2.6,0.181,-1.1,2.0,0.9,0.5,3283684.0,Roll + Cut Big,PF,0.0,-1.7,1.7,1.0,-0.61,-1.91,1.31
364,Taj Gibson,169.0,35.0,34,691,15.6,0.645,0.122,0.391,12.0,17.1,14.6,5.1,1.9,4.6,12.9,9.9,,1.4,1.3,2.6,0.181,-1.1,2.0,0.9,0.5,3283684.0,Roll + Cut Big,PF,0.0,-1.7,1.7,1.0,-0.61,-1.91,1.31
365,Taurean Prince,405.0,26.0,27,603,12.1,0.5456666666666666,0.48000000000000004,0.26366666666666666,2.033333333333333,15.366666666666667,8.766666666666666,10.700000000000001,1.5666666666666667,2.5,11.5,19.533333333333335,,0.19999999999999998,0.5333333333333333,0.7333333333333333,0.05933333333333333,-1.5666666666666667,-0.6333333333333333,-2.1999999999999997,0.0,13942308.0,Movement Shooter,PF,-0.91,-0.34,-0.57,0.8,-1.02,-0.86,-0.16
366,Terance Mann,302.0,24.0,59,1128,12.8,0.571,0.26,0.247,5.3,16.3,10.9,11.6,1.1,1.0,9.5,14.8,,1.8,1.1,2.9,0.124,-1.1,0.3,-0.8,0.3,1517984.0,Athletic Finisher,SG,-0.5,-0.42,-0.08,1.2,-0.49,-0.74,0.25
367,Terence Davis,117.0,23.0,32,495,10.866666666666667,0.547,0.5976666666666666,0.09766666666666667,1.6333333333333335,12.533333333333333,7.0,10.166666666666666,1.7,1.2333333333333334,12.533333333333333,21.03333333333333,,-0.13333333333333333,0.3,0.19999999999999998,0.013666666666666666,-1.8666666666666665,-1.4333333333333333,-3.266666666666667,-0.13333333333333333,1517981.0,Movement Shooter,SG,-1.4,-0.53,-0.87,0.4,-1.26,-0.52,-0.74
368,Terrance Ferguson,148.0,22.0,13,49,-7.1,0.143,0.714,0.0,0.0,2.2,1.1,4.9,1.0,0.0,36.4,9.6,,-0.2,0.0,-0.2,-0.163,-12.1,-2.7,-14.8,-0.2,3944013.0,Stationary Shooter,SG,-1.38,-0.57,-0.81,0.0,-1.23,-0.49,-0.74
369,Terrence Ross,429.0,29.0,46,1347,13.3,0.53,0.429,0.224,1.1,11.6,6.1,13.1,1.7,1.4,9.9,24.1,,0.0,1.0,1.0,0.034,-1.3,-1.1,-2.4,-0.1,13500000.0,Off Screen Shooter,SG,-1.56,-0.64,-0.92,0.7,-1.97,-1.09,-0.87
370,Terry Rozier,430.0,26.0,56,1908,17.7,0.595,0.515,0.178,1.7,11.9,6.7,19.1,1.8,1.2,10.0,24.4,,3.0,1.6,4.5,0.114,2.7,-0.7,2.0,1.9,18900000.0,Primary Ball Handler,SG,0.24,1.26,-1.02,3.1,0.73,1.35,-0.62
371,Thaddeus Young,523.0,32.0,56,1345,20.9,0.596,0.067,0.159,11.4,17.0,14.2,26.6,2.3,2.1,16.4,22.0,,2.6,1.7,4.4,0.156,2.1,1.3,3.4,1.8,13545000.0,Post Scorer,PF,1.47,1.76,-0.3,3.2,0.46,0.48,-0.02
372,Thanasis Antetokounmpo,14.0,28.0,47,490,11.5,0.548,0.19,0.31,11.6,13.5,12.6,10.9,1.8,1.8,21.8,15.7,,0.2,0.6,0.8,0.074,-3.0,-0.1,-3.1,-0.1,1701593.0,Roll + Cut Big,SF,-2.34,-2.64,0.3,0.0,-1.95,-1.92,-0.04
373,Thomas Bryant,77.0,23.0,10,271,18.8,0.704,0.231,0.264,7.0,16.7,11.9,8.4,0.7,2.5,9.8,17.2,,0.7,0.2,1.0,0.171,2.1,-1.7,0.4,0.2,8333333.0,Roll + Cut Big,C,0.13,-0.45,0.59,0.4,0.2,-0.46,0.66
374,Thon Maker,299.0,23.0,8,76,18.8,0.657,0.111,0.611,11.6,15.1,13.3,7.8,1.3,4.8,11.6,14.8,,0.2,0.1,0.3,0.181,0.3,1.2,1.5,0.1,309355.0,Roll + Cut Big,C,-0.41,-0.52,0.11,0.1,-0.18,-0.37,0.19
375,Tobias Harris,202.0,28.0,51,1686,20.4,0.605,0.228,0.229,3.3,20.3,11.9,18.0,1.3,2.4,10.1,24.1,,3.5,2.5,6.0,0.172,3.0,0.8,3.8,2.5,33517241.0,Shot Creator,PF,2.22,0.52,1.7,4.9,2.33,1.22,1.11
376,Tony Bradley,62.0,23.0,23,379,20.7,0.6756666666666667,0.017666666666666664,0.24266666666666667,13.899999999999999,23.700000000000003,18.866666666666667,7.966666666666668,1.2000000000000002,3.733333333333333,12.266666666666666,15.799999999999999,,1.0,0.5333333333333333,1.5333333333333334,0.19466666666666665,1.0999999999999999,0.16666666666666666,1.2333333333333334,0.3333333333333333,3542060.0,Roll + Cut Big,C,0.64,-0.18,0.82,1.0,-0.06,-0.54,0.48
377,Tony Snell,453.0,29.0,40,839,9.8,0.721,0.667,0.075,2.0,10.2,6.2,8.1,0.5,1.1,10.6,8.8,,1.4,0.3,1.8,0.102,-0.2,-0.4,-0.6,0.3,12178571.0,Stationary Shooter,SG,-3.26,-2.32,-0.94,-0.5,-2.63,-2.05,-0.58
378,Torrey Craig,109.0,30.0,25,339,13.233333333333334,0.5536666666666666,0.472,0.06733333333333331,7.666666666666667,18.533333333333335,13.266666666666666,8.466666666666667,2.1,2.733333333333333,10.5,13.333333333333334,,0.3666666666666667,0.5333333333333333,0.9333333333333332,0.12766666666666668,-0.6666666666666666,1.3666666666666665,0.7000000000000001,0.26666666666666666,1678854.0,Stretch Big,SF,-1.69,-0.76,-0.93,0.2,-0.68,-0.81,0.13
379,Trae Young,524.0,22.0,54,1849,22.5,0.583,0.359,0.495,2.1,10.4,6.3,45.3,1.3,0.5,16.3,32.9,,4.9,1.1,6.0,0.155,5.3,-1.7,3.5,2.6,6571800.0,Primary Ball Handler,PG,2.11,4.26,-2.16,5.3,2.6,4.1,-1.5
380,Tre Jones,260.0,21.0,29,156,10.1,0.529,0.063,0.188,3.3,5.5,4.4,17.1,1.9,0.0,18.8,17.9,,-0.1,0.1,0.1,0.022,-3.6,-1.5,-5.2,-0.1,898310.0,Slasher,PG,-1.75,-1.11,-0.64,0.0,-1.57,-0.9,-0.67
381,Trevor Ariza,19.0,35.0,20,540,10.3,0.524,0.579,0.193,3.2,15.4,9.4,9.4,1.3,2.1,7.1,14.1,,0.2,0.6,0.9,0.078,-2.3,0.0,-2.3,0.0,12800000.0,Stationary Shooter,SF,-0.74,-1.05,0.31,0.4,-0.26,-0.91,0.66
382,Trey Burke,79.0,28.0,49,700,13.1,0.559,0.489,0.15,0.8,5.8,3.4,13.9,1.9,0.4,8.1,19.6,,0.7,0.5,1.2,0.081,-0.9,-0.4,-1.3,0.1,3174603.0,Secondary Ball Handler,PG,-1.83,0.26,-2.09,0.2,-1.1,-0.03,-1.08
383,Trey Lyles,297.0,25.0,23,358,11.4,0.574,0.444,0.256,2.6,23.2,12.7,5.3,0.8,0.2,5.7,12.9,,0.3,0.4,0.7,0.093,-1.2,-0.7,-1.9,0.0,5500000.0,Stationary Shooter,PF,-2.01,-1.93,-0.08,0.1,-1.55,-1.59,0.04
384,Tristan Thompson,469.0,29.0,45,1046,15.1,0.555,0.011,0.375,14.7,24.5,19.6,6.5,0.9,2.1,13.2,15.4,,1.5,1.2,2.6,0.121,-1.0,-1.1,-2.1,0.0,9258000.0,Roll + Cut Big,PF,0.46,-0.79,1.25,1.8,-0.38,-0.65,0.27
385,Ty Jerome,248.0,23.0,27,650,11.9,0.552,0.607,0.109,1.6,10.6,6.1,23.1,1.2,0.5,13.7,18.3,,0.4,0.4,0.8,0.059,-0.8,-0.9,-1.6,0.1,2303040.0,Secondary Ball Handler,SG,-2.51,-0.74,-1.77,-0.1,-1.82,-0.87,-0.94
386,Tyler Herro,211.0,21.0,48,1472,12.7,0.529,0.418,0.175,1.8,15.8,9.0,17.9,1.1,1.2,11.9,23.5,,-0.3,1.6,1.3,0.041,-0.8,-1.1,-1.9,0.0,3822240.0,Secondary Ball Handler,SG,-1.37,-0.37,-1.0,0.9,-1.09,-0.65,-0.44
387,Tyler Johnson,255.0,28.0,31,522,8.4,0.552,0.711,0.134,1.1,11.0,6.3,7.1,1.1,0.0,8.0,13.6,,0.3,0.3,0.5,0.05,-2.4,-1.4,-3.7,-0.2,2028594.0,Stationary Shooter,SG,-1.9,-0.64,-1.26,0.1,-1.71,-0.81,-0.91
388,Tyrell Terry,464.0,20.0,11,56,6.0,0.318,0.438,0.188,0.0,11.5,5.9,14.1,4.4,0.0,10.4,15.3,,-0.1,0.1,-0.1,-0.05,-7.7,2.2,-5.5,-0.1,1289846.0,Secondary Ball Handler,PG,-0.23,-0.12,-0.11,0.1,-0.32,-0.1,-0.22
389,Tyrese Haliburton,190.0,20.0,53,1580,16.0,0.587,0.484,0.091,2.6,8.7,5.6,23.3,2.1,1.4,12.1,17.6,,2.7,0.3,3.0,0.092,1.7,-0.8,0.9,1.2,3831840.0,Primary Ball Handler,PG,-0.95,0.63,-1.58,1.4,-0.88,0.54,-1.42
390,Tyrese Maxey,315.0,20.0,51,753,12.5,0.508,0.241,0.143,1.3,9.9,5.7,17.2,1.2,1.1,8.2,23.0,,0.2,0.8,1.0,0.062,-2.3,-1.1,-3.4,-0.3,2478840.0,Slasher,SG,-2.19,-0.69,-1.5,0.1,-1.63,-0.63,-1.0
391,Tyus Jones,261.0,24.0,57,1064,15.5,0.513,0.339,0.098,2.0,10.4,6.1,28.5,2.7,0.4,9.9,16.8,,1.4,1.2,2.5,0.114,0.0,0.8,0.7,0.8,7965100.0,Primary Ball Handler,PG,0.0,0.42,-0.42,1.6,0.55,0.54,0.01
392,Udoka Azubuike,23.0,21.0,12,49,10.5,0.622,0.0,0.857,9.0,18.5,14.0,0.0,1.0,6.6,23.7,11.1,,0.0,0.1,0.1,0.111,-5.5,1.2,-4.3,0.0,1977000.0,Roll + Cut Big,C,-1.96,-1.05,-0.91,0.0,-1.2,-0.54,-0.66
393,Victor Oladipo,374.0,28.0,16,540,13.35,0.5065000000000001,0.4164999999999999,0.27999999999999997,1.4749999999999999,14.725,7.999999999999997,21.799999999999997,2.3000000000000003,1.225,13.425000000000002,27.849999999999998,,-0.2749999999999999,0.525,0.25,0.011000000000000005,-1.875,-1.0999999999999999,-3.0,0.075,21000000.0,Secondary Ball Handler,SG,1.18,0.5,0.68,2.5,0.36,0.74,-0.38
394,Vincent Poirier,394.0,27.0,10,39,1.6,0.273,0.083,0.5,17.2,22.2,19.8,6.6,0.0,6.9,21.5,20.5,,-0.2,0.1,-0.1,-0.13,-11.4,-3.2,-14.6,-0.1,2619207.0,Roll + Cut Big,C,-1.0,-0.32,-0.68,0.0,-0.78,-0.19,-0.59
395,Wayne Ellington,140.0,33.0,43,940,12.8,0.636,0.812,0.111,1.4,8.2,4.7,10.0,0.9,0.8,8.1,16.6,,1.4,0.5,1.9,0.097,1.6,-1.6,0.0,0.5,3005225.0,Movement Shooter,SG,-1.87,-0.2,-1.67,0.3,-1.51,-0.23,-1.28
396,Wayne Ellington,140.0,33.0,43,940,12.8,0.636,0.812,0.111,1.4,8.2,4.7,10.0,0.9,0.8,8.1,16.6,,1.4,0.5,1.9,0.097,1.6,-1.6,0.0,0.5,3005225.0,Movement Shooter,SG,-1.87,-0.2,-1.67,0.3,-1.51,-0.23,-1.28
397,Wenyen Gabriel,161.0,23.0,10,61,5.4,0.41,0.5,0.5,14.5,17.9,16.2,12.1,0.8,1.6,31.9,17.4,,-0.1,0.0,-0.1,-0.079,-5.4,-2.3,-7.6,-0.1,1620564.0,Stretch Big,PF,-0.23,-0.34,0.11,0.1,-0.35,-0.42,0.07
398,Wesley Matthews,314.0,34.0,50,965,6.5,0.497,0.792,0.165,1.6,7.2,4.5,6.2,1.6,1.4,8.8,11.2,,0.0,1.3,1.3,0.066,-3.5,0.5,-3.0,-0.3,3623000.0,Movement Shooter,SG,-1.28,-1.31,0.03,0.6,-1.54,-1.88,0.35
399,Will Barton,32.0,30.0,56,1736,11.9,0.538,0.423,0.199,2.6,12.2,7.4,14.0,1.4,1.3,12.7,19.1,,0.8,1.3,2.2,0.06,-0.8,-1.2,-2.0,0.0,13920000.0,Secondary Ball Handler,SF,-0.31,-0.19,-0.11,2.2,-0.09,0.04,-0.13
400,Xavier Tillman,473.0,22.0,48,917,15.0,0.597,0.217,0.182,7.2,17.8,12.4,9.4,2.0,2.7,10.6,14.4,,1.3,1.2,2.5,0.133,-1.3,0.9,-0.3,0.4,1300000.0,Roll + Cut Big,PF,0.29,-0.73,1.02,1.4,-0.65,-1.56,0.9
401,Yuta Watanabe,499.0,26.0,41,549,12.8,0.573,0.485,0.174,6.4,20.2,13.1,7.6,1.8,2.9,9.5,12.4,,0.6,0.7,1.3,0.115,-1.0,0.4,-0.6,0.2,321893.0,Athletic Finisher,SF,-0.36,-1.5,1.14,0.7,-0.78,-1.51,0.72
402,Zach LaVine,279.0,25.0,53,1867,21.6,0.633,0.424,0.268,1.9,14.1,8.1,24.0,1.1,1.3,14.4,31.1,,3.7,1.6,5.3,0.136,4.8,-1.0,3.8,2.7,19500000.0,Primary Ball Handler,SG,0.8,2.44,-1.64,3.9,1.31,2.39,-1.08
403,Zeke Nnaji,357.0,20.0,38,357,10.9,0.615,0.571,0.165,4.2,13.9,9.1,2.9,0.8,1.1,6.7,12.8,,0.5,0.2,0.7,0.096,-0.9,-1.6,-2.5,-0.1,2379840.0,Stretch Big,PF,-3.28,-1.84,-1.43,-0.2,-2.31,-1.68,-0.63
404,Zion Williamson,514.0,20.0,55,1814,27.7,0.654,0.032,0.51,8.9,15.4,12.2,19.4,1.3,1.9,11.3,29.8,,6.9,1.2,8.1,0.214,5.9,-0.3,5.6,3.5,10245480.0,Slasher,PF,3.51,4.09,-0.58,6.6,2.09,2.9,-0.81
